weight_path,method_name,sparsity,descriptor_dim,flops,model_memory,extraction_lat_cpu_bs1,extraction_lat_gpu_bs1,Pitts30k_Val_R1,Pitts30k_Val_R5,Pitts30k_Val_R10,Pitts30k_Val_map_memory,Pitts30k_Val_total_memory,Pitts30k_Val_matching_lat,Pitts30k_Val_total_cpu_lat_bs1,Pitts30k_Val_total_gpu_lat_bs1,AmsterTime_R1,AmsterTime_R5,AmsterTime_R10,AmsterTime_map_memory,AmsterTime_total_memory,AmsterTime_matching_lat,AmsterTime_total_cpu_lat_bs1,AmsterTime_total_gpu_lat_bs1
ResNet34_NetVLAD_agg_0.00_sparsity_0.038_R1_0.931.ckpt,ResNet34_NetVLAD,0.038,,6213452800.0,31.354736328125,279.45979833602905,36.165058612823486,,,,,,35.88118553161621,316.1615252494812,72.62849807739258,,,,,,4.406428337097168,283.8662266731262,40.571486949920654
ResNet34_NetVLAD_agg_0.00_sparsity_0.068_R1_0.931.ckpt,ResNet34_NetVLAD,0.068,,6213452800.0,31.354736328125,274.42259788513184,37.349724769592285,,,,,,35.46411991119385,359.3059182167053,72.66767024993896,,,,,,4.150032997131348,278.5726308822632,41.49975776672363
ResNet34_NetVLAD_agg_0.00_sparsity_0.102_R1_0.932.ckpt,ResNet34_NetVLAD,0.102,,6213452800.0,31.354736328125,265.238094329834,37.422871589660645,,,,,,34.97955799102783,360.7368707656861,71.7111349105835,,,,,,4.279279708862305,269.5173740386963,41.70215129852295
ResNet34_NetVLAD_agg_0.00_sparsity_0.131_R1_0.932.ckpt,ResNet34_NetVLAD,0.131,,6213452800.0,31.354736328125,261.2871527671814,36.06523275375366,,,,,,34.32717323303223,336.24267578125,69.99014616012573,,,,,,4.209351539611816,265.4965043067932,40.27458429336548
ResNet34_NetVLAD_agg_0.00_sparsity_0.166_R1_0.928.ckpt,ResNet34_NetVLAD,0.166,,6213452800.0,31.354736328125,253.3598184585572,31.743311882019043,,,,,,33.59227180480957,343.7525153160095,66.1861777305603,,,,,,4.152250289916992,257.5120687484741,35.895562171936035
ResNet34_NetVLAD_agg_0.00_sparsity_0.194_R1_0.929.ckpt,ResNet34_NetVLAD,0.194,,6213452800.0,31.354736328125,248.4511494636536,30.39557933807373,,,,,,33.10236930847168,351.61492824554443,64.62513208389282,,,,,,3.98702621459961,252.4381756782532,34.38260555267334
ResNet34_NetVLAD_agg_0.00_sparsity_0.220_R1_0.932.ckpt,ResNet34_NetVLAD,0.22,,6213452800.0,31.354736328125,243.99726390838623,30.380332469940186,,,,,,32.647085189819336,346.6099262237549,63.73088359832764,,,,,,3.88031005859375,247.87757396698,34.260642528533936
ResNet34_NetVLAD_agg_0.00_sparsity_0.252_R1_0.926.ckpt,ResNet34_NetVLAD,0.252,,6213452800.0,31.354736328125,237.07079887390137,28.05109024047852,,,,,,31.815505027771,334.95569229125977,59.83213186264038,,,,,,3.8176774978637695,240.8884763717651,31.868767738342285
ResNet34_NetVLAD_agg_0.00_sparsity_0.278_R1_0.925.ckpt,ResNet34_NetVLAD,0.278,,6213452800.0,31.354736328125,230.19921779632568,27.9779314994812,,,,,,32.03697204589844,326.4855742454529,60.20649671554565,,,,,,3.6468505859375,233.8460683822632,31.6247820854187
ResNet34_NetVLAD_agg_0.00_sparsity_0.310_R1_0.927.ckpt,ResNet34_NetVLAD,0.31,,6213452800.0,31.354736328125,224.60092306137085,29.4367790222168,,,,,,30.750083923339844,324.41989183425903,61.05918884277344,,,,,,3.80239486694336,228.4033179283142,33.23917388916016
ResNet34_NetVLAD_agg_0.00_sparsity_0.335_R1_0.923.ckpt,ResNet34_NetVLAD,0.335,,6213452800.0,31.354736328125,219.42214965820312,28.88808250427246,,,,,,30.34241199493408,313.584840297699,58.99888277053833,,,,,,3.637242317199707,223.05939197540283,32.52532482147217
ResNet34_NetVLAD_agg_0.00_sparsity_0.359_R1_0.927.ckpt,ResNet34_NetVLAD,0.359,,6213452800.0,31.354736328125,214.58303928375244,28.15563678741455,,,,,,29.55749034881592,329.1983127593994,58.2669734954834,,,,,,3.451228141784668,218.0342674255371,31.60686492919922
ResNet34_NetVLAD_agg_0.00_sparsity_0.387_R1_0.927.ckpt,ResNet34_NetVLAD,0.387,,6213452800.0,31.354736328125,208.68146419525144,30.83336353302002,,,,,,29.10215854644775,325.8482336997986,60.28409004211426,,,,,,3.5326004028320312,212.2140645980835,34.36596393585205
ResNet34_NetVLAD_agg_0.00_sparsity_0.411_R1_0.924.ckpt,ResNet34_NetVLAD,0.411,,6213452800.0,31.354736328125,204.81899976730347,29.127275943756104,,,,,,28.467607498168945,306.7220687866211,58.43594074249267,,,,,,3.2965660095214844,208.11556577682492,32.42384195327759
ResNet34_NetVLAD_agg_0.00_sparsity_0.422_R1_0.922.ckpt,ResNet34_NetVLAD,0.422,,6213452800.0,31.354736328125,200.8388876914978,23.705267906188965,,,,,,27.984189987182617,301.638388633728,51.8112063407898,,,,,,3.2193899154663086,204.0582776069641,26.924657821655277
ResNet34_NetVLAD_agg_0.25_sparsity_0.038_R1_0.930.ckpt,ResNet34_NetVLAD,0.038,,6213452800.0,31.354736328125,279.32066917419434,37.458693981170654,,,,,,35.17708778381348,375.3610491752625,71.73205614089966,,,,,,4.093170166015625,283.41383934021,41.55186414718628
ResNet34_NetVLAD_agg_0.25_sparsity_0.068_R1_0.930.ckpt,ResNet34_NetVLAD,0.068,,6213452800.0,31.354736328125,273.13302755355835,36.04832887649536,,,,,,33.947110176086426,365.8850312232971,71.33476734161377,,,,,,4.343080520629883,277.47610807418823,40.39140939712525
ResNet34_NetVLAD_agg_0.25_sparsity_0.103_R1_0.931.ckpt,ResNet34_NetVLAD,0.103,,6213452800.0,31.354736328125,266.7267441749573,36.81796789169312,,,,,,33.023667335510254,373.3905553817749,70.04039287567139,,,,,,3.9940357208251953,270.72077989578247,40.81200361251831
ResNet34_NetVLAD_agg_0.25_sparsity_0.131_R1_0.928.ckpt,ResNet34_NetVLAD,0.131,,6213452800.0,31.354736328125,261.41552925109863,36.04103326797485,,,,,,32.49444961547852,367.2709822654724,68.54158639907837,,,,,,3.9229869842529297,265.3385162353516,39.96402025222778
ResNet34_NetVLAD_agg_0.25_sparsity_0.167_R1_0.929.ckpt,ResNet34_NetVLAD,0.167,,6213452800.0,31.354736328125,253.32984924316403,32.23922252655029,,,,,,31.709361076354984,339.2026901245117,64.44580554962158,,,,,,3.868031501770019,257.1978807449341,36.10725402832031
ResNet34_NetVLAD_agg_0.25_sparsity_0.194_R1_0.930.ckpt,ResNet34_NetVLAD,0.194,,6213452800.0,31.354736328125,250.47849416732788,31.459248065948486,,,,,,31.20286464691162,333.6444854736328,62.3651385307312,,,,,,3.8327693939208975,254.3112635612488,35.292017459869385
ResNet34_NetVLAD_agg_0.25_sparsity_0.220_R1_0.930.ckpt,ResNet34_NetVLAD,0.22,,6213452800.0,31.354736328125,241.0110831260681,30.34297227859497,,,,,,31.04269504547119,355.8778405189514,61.354804039001465,,,,,,3.551006317138672,244.5620894432068,33.89397859573364
ResNet34_NetVLAD_agg_0.25_sparsity_0.252_R1_0.929.ckpt,ResNet34_NetVLAD,0.252,,6213452800.0,31.354736328125,235.3376269340515,27.84641981124878,,,,,,30.16641139984131,351.2994766235352,57.6176643371582,,,,,,3.717041015625,239.0546679496765,31.56346082687378
ResNet34_NetVLAD_agg_0.25_sparsity_0.278_R1_0.930.ckpt,ResNet34_NetVLAD,0.278,,6213452800.0,31.354736328125,231.94239139556885,27.798688411712646,,,,,,29.423809051513672,317.1074390411377,57.38662481307984,,,,,,3.543257713317871,235.48564910888672,31.34194612503052
ResNet34_NetVLAD_agg_0.25_sparsity_0.310_R1_0.929.ckpt,ResNet34_NetVLAD,0.31,,6213452800.0,31.354736328125,224.55978393554688,30.038154125213623,,,,,,28.871846199035645,330.4185628890991,58.51877927780152,,,,,,3.4560441970825195,228.0158281326294,33.49419832229614
ResNet34_NetVLAD_agg_0.25_sparsity_0.335_R1_0.928.ckpt,ResNet34_NetVLAD,0.335,,6213452800.0,31.354736328125,218.76193284988403,28.369832038879395,,,,,,28.33535671234131,327.63447761535645,57.395994663238525,,,,,,3.522801399230957,222.284734249115,31.89263343811035
ResNet34_NetVLAD_agg_0.25_sparsity_0.359_R1_0.928.ckpt,ResNet34_NetVLAD,0.359,,6213452800.0,31.354736328125,215.724515914917,28.442835807800293,,,,,,27.903223037719727,310.944938659668,56.14123344421387,,,,,,3.4577369689941406,219.18225288391116,31.900572776794437
ResNet34_NetVLAD_agg_0.25_sparsity_0.388_R1_0.925.ckpt,ResNet34_NetVLAD,0.388,,6213452800.0,31.354736328125,209.58627462387085,31.476914882659912,,,,,,27.22909450531006,305.9263110160828,58.43150615692139,,,,,,3.360271453857422,212.94654607772827,34.837186336517334
ResNet34_NetVLAD_agg_0.25_sparsity_0.411_R1_0.926.ckpt,ResNet34_NetVLAD,0.411,,6213452800.0,31.354736328125,203.233802318573,29.67323064804077,,,,,,27.00891494750977,325.36587715148926,56.01353645324707,,,,,,3.2941102981567383,206.52791261672976,32.96734094619751
ResNet34_NetVLAD_agg_0.25_sparsity_0.422_R1_0.922.ckpt,ResNet34_NetVLAD,0.422,,6213452800.0,31.354736328125,201.27941370010376,24.899685382843018,,,,,,26.203489303588867,317.4047827720642,50.25248527526856,,,,,,3.256058692932129,204.5354723930359,28.155744075775143
ResNet34_NetVLAD_agg_0.50_sparsity_0.038_R1_0.931.ckpt,ResNet34_NetVLAD,0.038,,6213452800.0,31.354736328125,279.10377979278564,36.47017478942871,,,,,,34.6585750579834,358.2014203071594,71.60050868988037,,,,,,4.2053937911987305,283.3091735839844,40.67556858062744
ResNet34_NetVLAD_agg_0.50_sparsity_0.068_R1_0.933.ckpt,ResNet34_NetVLAD,0.068,,6213452800.0,31.354736328125,272.7636218070984,36.27824783325195,,,,,,32.869529724121094,359.22083854675293,69.89901065826416,,,,,,4.224920272827148,276.98854207992554,40.5031681060791
ResNet34_NetVLAD_agg_0.50_sparsity_0.103_R1_0.930.ckpt,ResNet34_NetVLAD,0.103,,6213452800.0,31.354736328125,265.601122379303,37.003517150878906,,,,,,31.700181961059577,354.340934753418,68.74308586120605,,,,,,3.700566291809082,269.30168867111206,40.70408344268799
ResNet34_NetVLAD_agg_0.50_sparsity_0.131_R1_0.931.ckpt,ResNet34_NetVLAD,0.131,,6213452800.0,31.354736328125,259.489369392395,35.540151596069336,,,,,,30.558347702026367,365.3793692588806,66.48954153060913,,,,,,3.5632848739624023,263.0526542663574,39.10343647003174
ResNet34_NetVLAD_agg_0.50_sparsity_0.167_R1_0.928.ckpt,ResNet34_NetVLAD,0.167,,6213452800.0,31.354736328125,253.42890024185184,32.24015235900879,,,,,,29.51841354370117,346.04772329330444,61.46210432052612,,,,,,3.4364938735961914,256.865394115448,35.67664623260498
ResNet34_NetVLAD_agg_0.50_sparsity_0.194_R1_0.930.ckpt,ResNet34_NetVLAD,0.194,,6213452800.0,31.354736328125,247.7378487586975,30.84057569503784,,,,,,28.393006324768063,329.07426357269287,59.58890914916992,,,,,,3.294825553894043,251.03267431259155,34.135401248931885
ResNet34_NetVLAD_agg_0.50_sparsity_0.221_R1_0.928.ckpt,ResNet34_NetVLAD,0.221,,6213452800.0,31.354736328125,240.8467650413513,30.88971376419067,,,,,,27.33161449432373,355.1138043403625,57.45097398757935,,,,,,3.164219856262207,244.01098489761355,34.05393362045288
ResNet34_NetVLAD_agg_0.50_sparsity_0.252_R1_0.931.ckpt,ResNet34_NetVLAD,0.252,,6213452800.0,31.354736328125,235.2229475975037,27.482032775878903,,,,,,26.199722290039062,330.93340396881104,53.57247591018677,,,,,,3.044366836547852,238.2673144340515,30.52639961242676
ResNet34_NetVLAD_agg_0.50_sparsity_0.278_R1_0.928.ckpt,ResNet34_NetVLAD,0.278,,6213452800.0,31.354736328125,229.4472932815552,27.61315107345581,,,,,,25.74284076690674,344.1969633102417,53.17176580429077,,,,,,2.9127120971679688,232.36000537872312,30.52586317062378
ResNet34_NetVLAD_agg_0.50_sparsity_0.310_R1_0.926.ckpt,ResNet34_NetVLAD,0.31,,6213452800.0,31.354736328125,223.22628498077395,29.354584217071533,,,,,,23.95665645599365,318.1437611579895,53.59734296798706,,,,,,2.7738571166992188,226.00014209747312,32.12844133377075
ResNet34_NetVLAD_agg_0.50_sparsity_0.335_R1_0.929.ckpt,ResNet34_NetVLAD,0.335,,6213452800.0,31.354736328125,217.75234937667847,28.39486598968506,,,,,,23.26650619506836,322.4510312080384,50.64429044723511,,,,,,2.6337623596191406,220.3861117362976,31.0286283493042
ResNet34_NetVLAD_agg_0.50_sparsity_0.359_R1_0.927.ckpt,ResNet34_NetVLAD,0.359,,6213452800.0,31.354736328125,213.63112926483151,26.9182562828064,,,,,,21.85215950012207,311.47199869155884,49.46932792663574,,,,,,2.494382858276367,216.1255121231079,29.412639141082764
ResNet34_NetVLAD_agg_0.50_sparsity_0.388_R1_0.924.ckpt,ResNet34_NetVLAD,0.388,,6213452800.0,31.354736328125,206.8817377090454,30.484938621521,,,,,,20.665740966796875,316.0668015480041,51.09665393829346,,,,,,2.4923324584960938,209.3740701675415,32.97727108001709
ResNet34_NetVLAD_agg_0.50_sparsity_0.411_R1_0.918.ckpt,ResNet34_NetVLAD,0.411,,6213452800.0,31.354736328125,202.5792241096497,28.80220413208008,,,,,,19.575023651123047,294.2252993583679,47.14517593383789,,,,,,2.2095441818237305,204.7887682914734,31.01174831390381
ResNet34_NetVLAD_agg_0.50_sparsity_0.422_R1_0.920.ckpt,ResNet34_NetVLAD,0.422,,6213452800.0,31.354736328125,199.5009541511536,22.775542736053467,,,,,,18.36128234863281,302.29698419570923,41.25174283981323,,,,,,2.0977258682250977,201.59868001937863,24.873268604278564
ResNet34_NetVLAD_agg_0.75_sparsity_0.039_R1_0.930.ckpt,ResNet34_NetVLAD,0.039,,6213452800.0,31.354736328125,277.6817321777344,36.900997161865234,,,,,,34.16719436645508,373.4130263328552,70.97424268722534,,,,,,4.10158634185791,281.7833185195923,41.002583503723145
ResNet34_NetVLAD_agg_0.75_sparsity_0.068_R1_0.931.ckpt,ResNet34_NetVLAD,0.068,,6213452800.0,31.354736328125,271.7758536338806,36.58771514892578,,,,,,32.40218162536621,376.1155605316162,68.89821290969849,,,,,,3.702688217163086,275.4785418510437,40.29040336608887
ResNet34_NetVLAD_agg_0.75_sparsity_0.103_R1_0.931.ckpt,ResNet34_NetVLAD,0.103,,6213452800.0,31.354736328125,264.73923921585083,37.52976655960083,,,,,,30.267786979675293,359.2121481895447,66.61083698272705,,,,,,3.5074234008789062,268.24666261672974,41.037189960479736
ResNet34_NetVLAD_agg_0.75_sparsity_0.131_R1_0.928.ckpt,ResNet34_NetVLAD,0.131,,6213452800.0,31.354736328125,259.8752498626709,36.07519865036011,,,,,,29.697155952453613,358.3538055419922,64.77372646331787,,,,,,3.3366918563842773,263.2119417190552,39.41189050674439
ResNet34_NetVLAD_agg_0.75_sparsity_0.167_R1_0.929.ckpt,ResNet34_NetVLAD,0.167,,6213452800.0,31.354736328125,251.36654376983645,31.971895694732662,,,,,,27.008056640625,367.5345540046692,57.9774022102356,,,,,,3.094768524169922,254.46131229400635,35.06666421890259
ResNet34_NetVLAD_agg_0.75_sparsity_0.194_R1_0.928.ckpt,ResNet34_NetVLAD,0.194,,6213452800.0,31.354736328125,246.7508435249329,30.076277256011963,,,,,,25.18649101257324,334.25047397613525,55.38626909255981,,,,,,2.93121337890625,249.6820569038391,33.00749063491821
ResNet34_NetVLAD_agg_0.75_sparsity_0.221_R1_0.927.ckpt,ResNet34_NetVLAD,0.221,,6213452800.0,31.354736328125,240.1394009590149,30.614113807678223,,,,,,23.77171516418457,335.06221771240234,52.86188125610352,,,,,,2.6714086532592773,242.81080961227417,33.2855224609375
ResNet34_NetVLAD_agg_0.75_sparsity_0.253_R1_0.926.ckpt,ResNet34_NetVLAD,0.253,,6213452800.0,31.354736328125,234.1835856437683,26.281893253326416,,,,,,21.59111499786377,328.9541244506836,48.03500175476074,,,,,,2.489495277404785,236.6730809211731,28.7713885307312
ResNet34_NetVLAD_agg_0.75_sparsity_0.278_R1_0.927.ckpt,ResNet34_NetVLAD,0.278,,6213452800.0,31.354736328125,227.9807090759277,26.81577205657959,,,,,,20.767736434936523,308.35291147232056,47.81032800674439,,,,,,2.346658706665039,230.3273677825928,29.16243076324463
ResNet34_NetVLAD_agg_0.75_sparsity_0.311_R1_0.926.ckpt,ResNet34_NetVLAD,0.311,,6213452800.0,31.354736328125,222.388768196106,28.18484306335449,,,,,,19.56312656402588,324.6620178222656,48.77463579177856,,,,,,2.222442626953125,224.61121082305908,30.407285690307617
ResNet34_NetVLAD_agg_0.75_sparsity_0.335_R1_0.925.ckpt,ResNet34_NetVLAD,0.335,,6213452800.0,31.354736328125,218.11494827270508,27.300500869750977,,,,,,18.32683086395264,323.5815644264221,44.66975927352905,,,,,,2.1157026290893555,220.23065090179443,29.41620349884033
ResNet34_NetVLAD_agg_0.75_sparsity_0.360_R1_0.921.ckpt,ResNet34_NetVLAD,0.36,,6213452800.0,31.354736328125,213.05745840072632,26.375067234039307,,,,,,17.319679260253906,300.6621837615967,43.81201267242432,,,,,,2.074456214904785,215.1319146156311,28.44952344894409
ResNet34_NetVLAD_agg_0.75_sparsity_0.388_R1_0.920.ckpt,ResNet34_NetVLAD,0.388,,6213452800.0,31.354736328125,205.69300651550293,28.75305414199829,,,,,,15.96710681915283,313.7738347053528,45.05960941314697,,,,,,1.8574237823486328,207.5504302978516,30.610477924346924
ResNet34_NetVLAD_agg_0.75_sparsity_0.411_R1_0.917.ckpt,ResNet34_NetVLAD,0.411,,6213452800.0,31.354736328125,200.9426116943359,27.089273929595947,,,,,,14.897942543029783,299.8973846435547,42.55253076553345,,,,,,1.6677141189575195,202.61032581329343,28.756988048553467
ResNet34_NetVLAD_agg_0.75_sparsity_0.423_R1_0.916.ckpt,ResNet34_NetVLAD,0.423,,6213452800.0,31.354736328125,197.9052782058716,22.369718551635746,,,,,,13.792967796325684,296.32880687713623,35.774993896484375,,,,,,1.5178918838500977,199.42317008972168,23.88761043548584
ResNet34_ConvAP_agg_0.00_sparsity_0.036_R1_0.924.ckpt,ResNet34_ConvAP,0.036,,7561830400.0,83.198486328125,333.2808375358581,43.19422245025635,,,,,,18.30074787139893,353.45897674560547,62.30247020721436,,,,,,2.035403251647949,335.3162407875061,45.2296257019043
ResNet34_ConvAP_agg_0.00_sparsity_0.068_R1_0.924.ckpt,ResNet34_ConvAP,0.068,,7561830400.0,83.198486328125,324.5836973190308,44.30755376815796,,,,,,18.28181743621826,406.14073276519775,61.2270712852478,,,,,,2.138900756835937,326.7225980758667,46.4464545249939
ResNet34_ConvAP_agg_0.00_sparsity_0.102_R1_0.921.ckpt,ResNet34_ConvAP,0.102,,7561830400.0,83.198486328125,315.5200242996216,43.5305118560791,,,,,,18.814492225646973,388.6499285697937,64.18031454086304,,,,,,2.073073387145996,317.5930976867676,45.6035852432251
ResNet34_ConvAP_agg_0.00_sparsity_0.132_R1_0.922.ckpt,ResNet34_ConvAP,0.132,,7561830400.0,83.198486328125,308.6813449859619,42.108309268951416,,,,,,18.299055099487305,374.0998864173889,60.0242018699646,,,,,,1.721477508544922,310.40282249450684,43.82978677749634
ResNet34_ConvAP_agg_0.00_sparsity_0.166_R1_0.925.ckpt,ResNet34_ConvAP,0.166,,7561830400.0,83.198486328125,299.3374824523926,39.38181400299072,,,,,,18.28281879425049,385.6882452964782,57.33507871627808,,,,,,2.0777463912963867,301.41522884368896,41.45956039428711
ResNet34_ConvAP_agg_0.00_sparsity_0.193_R1_0.922.ckpt,ResNet34_ConvAP,0.193,,7561830400.0,83.198486328125,294.05150413513184,38.437747955322266,,,,,,18.21310520172119,376.1999011039734,56.4134955406189,,,,,,2.062678337097168,296.114182472229,40.50042629241944
ResNet34_ConvAP_agg_0.00_sparsity_0.222_R1_0.919.ckpt,ResNet34_ConvAP,0.222,,7561830400.0,83.198486328125,289.36628103256226,37.25926876068115,,,,,,18.2117223739624,373.7542629241944,55.94545602798462,,,,,,2.138519287109375,291.50480031967163,39.39778804779053
ResNet34_ConvAP_agg_0.00_sparsity_0.253_R1_0.917.ckpt,ResNet34_ConvAP,0.253,,7561830400.0,83.198486328125,276.5197515487671,33.68960618972778,,,,,,18.38047504425049,361.2787365913391,51.8560528755188,,,,,,2.133965492248535,278.6537170410156,35.82357168197632
ResNet34_ConvAP_agg_0.00_sparsity_0.281_R1_0.915.ckpt,ResNet34_ConvAP,0.281,,7561830400.0,83.198486328125,269.22473907470703,32.78775215148926,,,,,,18.208885192871097,379.3801307678223,52.68493890762329,,,,,,2.1212100982666016,271.34594917297363,34.90896224975586
ResNet34_ConvAP_agg_0.00_sparsity_0.312_R1_0.918.ckpt,ResNet34_ConvAP,0.312,,7561830400.0,83.198486328125,261.35125160217285,34.882354736328125,,,,,,18.06669235229492,357.7082753181457,53.13745737075806,,,,,,2.056217193603516,263.4074687957764,36.93857192993164
ResNet34_ConvAP_agg_0.00_sparsity_0.338_R1_0.917.ckpt,ResNet34_ConvAP,0.338,,7561830400.0,83.198486328125,254.33920621871948,33.39982032775879,,,,,,18.13325881958008,344.1367983818054,51.07499361038208,,,,,,2.0810604095458984,256.4202666282654,35.48088073730469
ResNet34_ConvAP_agg_0.00_sparsity_0.363_R1_0.915.ckpt,ResNet34_ConvAP,0.363,,7561830400.0,83.198486328125,248.45540523529053,32.729411125183105,,,,,,18.228745460510257,373.3979821205139,50.86649656295776,,,,,,2.0483970642089844,250.5038022994995,34.77780818939209
ResNet34_ConvAP_agg_0.00_sparsity_0.391_R1_0.917.ckpt,ResNet34_ConvAP,0.391,,7561830400.0,83.198486328125,242.17395782470703,35.66272258758545,,,,,,18.129324913024902,329.2579412460327,53.48869562149048,,,,,,2.127695083618164,244.3016529083252,37.79041767120361
ResNet34_ConvAP_agg_0.00_sparsity_0.416_R1_0.914.ckpt,ResNet34_ConvAP,0.416,,7561830400.0,83.198486328125,235.2146029472351,31.597936153411865,,,,,,18.080663681030277,317.6106333732605,49.84315633773804,,,,,,2.055215835571289,237.2698187828064,33.653151988983154
ResNet34_ConvAP_agg_0.00_sparsity_0.427_R1_0.914.ckpt,ResNet34_ConvAP,0.427,,7561830400.0,83.198486328125,231.89244270324707,25.48515796661377,,,,,,18.10264587402344,334.6462607383728,43.82627010345459,,,,,,2.024674415588379,233.91711711883545,27.50983238220215
ResNet34_ConvAP_agg_0.25_sparsity_0.036_R1_0.922.ckpt,ResNet34_ConvAP,0.036,,7561830400.0,83.198486328125,332.6674461364746,44.122183322906494,,,,,,17.8117036819458,399.7036099433899,62.027668952941895,,,,,,3.08065414428711,335.7481002807617,47.2028374671936
ResNet34_ConvAP_agg_0.25_sparsity_0.069_R1_0.926.ckpt,ResNet34_ConvAP,0.069,,7561830400.0,83.198486328125,324.36792850494385,44.43926811218262,,,,,,17.549824714660645,386.70212030410767,61.78215742111206,,,,,,3.157329559326172,327.52525806427,47.59659767150879
ResNet34_ConvAP_agg_0.25_sparsity_0.103_R1_0.924.ckpt,ResNet34_ConvAP,0.103,,7561830400.0,83.198486328125,316.363537311554,44.596898555755615,,,,,,17.15233325958252,368.0269718170166,61.468374729156494,,,,,,1.9727468490600584,318.336284160614,46.56964540481568
ResNet34_ConvAP_agg_0.25_sparsity_0.134_R1_0.925.ckpt,ResNet34_ConvAP,0.134,,7561830400.0,83.198486328125,307.9942584037781,42.256832122802734,,,,,,16.94929599761963,376.39960050582886,59.14280414581299,,,,,,1.9173622131347656,309.91162061691284,44.1741943359375
ResNet34_ConvAP_agg_0.25_sparsity_0.168_R1_0.921.ckpt,ResNet34_ConvAP,0.168,,7561830400.0,83.198486328125,299.13346767425537,38.79214525222778,,,,,,16.63815975189209,354.5401215553284,55.58485984802246,,,,,,1.878690719604492,301.01215839385986,40.67083597183228
ResNet34_ConvAP_agg_0.25_sparsity_0.195_R1_0.920.ckpt,ResNet34_ConvAP,0.195,,7561830400.0,83.198486328125,291.4562702178955,37.69176006317139,,,,,,16.29204750061035,373.38292598724365,54.13563251495361,,,,,,1.887750625610352,293.34402084350586,39.57951068878174
ResNet34_ConvAP_agg_0.25_sparsity_0.225_R1_0.922.ckpt,ResNet34_ConvAP,0.225,,7561830400.0,83.198486328125,286.32739782333374,36.83319091796875,,,,,,16.0261869430542,378.3608675003052,53.09704542160034,,,,,,1.8610239028930664,288.1884217262268,38.694214820861816
ResNet34_ConvAP_agg_0.25_sparsity_0.256_R1_0.914.ckpt,ResNet34_ConvAP,0.256,,7561830400.0,83.198486328125,277.0853042602539,33.18551778793335,,,,,,15.674066543579102,357.8512907028198,49.08149242401123,,,,,,1.809334754943848,278.8946390151977,34.9948525428772
ResNet34_ConvAP_agg_0.25_sparsity_0.284_R1_0.914.ckpt,ResNet34_ConvAP,0.284,,7561830400.0,83.198486328125,269.1909432411194,32.87850618362427,,,,,,15.607023239135742,345.1683759689331,48.32954406738281,,,,,,1.82037353515625,271.01131677627563,34.69887971878052
ResNet34_ConvAP_agg_0.25_sparsity_0.315_R1_0.920.ckpt,ResNet34_ConvAP,0.315,,7561830400.0,83.198486328125,261.1166715621948,34.768104553222656,,,,,,15.047216415405272,348.36405515670776,50.14872550964356,,,,,,1.743626594543457,262.8602981567383,36.51173114776611
ResNet34_ConvAP_agg_0.25_sparsity_0.342_R1_0.914.ckpt,ResNet34_ConvAP,0.342,,7561830400.0,83.198486328125,254.5722603797913,33.317482471466064,,,,,,15.10012149810791,357.4970841407776,48.374223709106445,,,,,,1.7953157424926758,256.36757612228394,35.11279821395874
ResNet34_ConvAP_agg_0.25_sparsity_0.367_R1_0.915.ckpt,ResNet34_ConvAP,0.367,,7561830400.0,83.198486328125,249.9698519706726,32.610177993774414,,,,,,14.490270614624023,347.69465923309326,47.141075134277344,,,,,,1.9694805145263672,251.93933248519892,34.57965850830078
ResNet34_ConvAP_agg_0.25_sparsity_0.395_R1_0.917.ckpt,ResNet34_ConvAP,0.395,,7561830400.0,83.198486328125,241.08519554138184,35.648512840271,,,,,,14.20605182647705,332.8041076660156,49.69741106033325,,,,,,1.826786994934082,242.91198253631592,37.47529983520508
ResNet34_ConvAP_agg_0.25_sparsity_0.420_R1_0.916.ckpt,ResNet34_ConvAP,0.42,,7561830400.0,83.198486328125,235.27854681015012,32.04548358917236,,,,,,13.852858543395996,325.95051527023315,45.75279951095581,,,,,,1.6626596450805664,236.9412064552307,33.70814323425293
ResNet34_ConvAP_agg_0.25_sparsity_0.432_R1_0.915.ckpt,ResNet34_ConvAP,0.432,,7561830400.0,83.198486328125,232.3198676109314,25.636839866638184,,,,,,13.6521577835083,310.76215505599976,39.477384090423584,,,,,,1.6022682189941406,233.9221358299255,27.239108085632324
ResNet34_ConvAP_agg_0.50_sparsity_0.037_R1_0.923.ckpt,ResNet34_ConvAP,0.037,,7561830400.0,83.198486328125,331.86689615249634,44.12599802017212,,,,,,17.667365074157715,411.1284494400024,62.43003606796265,,,,,,2.697396278381348,334.5642924308777,46.82339429855347
ResNet34_ConvAP_agg_0.50_sparsity_0.069_R1_0.921.ckpt,ResNet34_ConvAP,0.069,,7561830400.0,83.198486328125,324.7363090515137,44.32239532470703,,,,,,17.101359367370605,408.4582448005676,61.31317615509033,,,,,,2.402663230895996,327.13897228240967,46.72505855560303
ResNet34_ConvAP_agg_0.50_sparsity_0.104_R1_0.925.ckpt,ResNet34_ConvAP,0.104,,7561830400.0,83.198486328125,316.80028438568115,44.32538747787475,,,,,,16.539669036865234,387.4572515487671,61.11797094345093,,,,,,2.5797367095947266,319.3800210952759,46.90512418746948
ResNet34_ConvAP_agg_0.50_sparsity_0.135_R1_0.925.ckpt,ResNet34_ConvAP,0.135,,7561830400.0,83.198486328125,307.7313780784607,41.80474281311035,,,,,,15.80040454864502,389.6214723587036,58.65706205368042,,,,,,1.4570951461791992,309.1884732246399,43.26183795928955
ResNet34_ConvAP_agg_0.50_sparsity_0.169_R1_0.925.ckpt,ResNet34_ConvAP,0.169,,7561830400.0,83.198486328125,298.80887269973755,38.82763385772705,,,,,,15.175008773803713,373.0724334716797,53.96926403045654,,,,,,2.090382575988769,300.8992552757263,40.91801643371582
ResNet34_ConvAP_agg_0.50_sparsity_0.198_R1_0.922.ckpt,ResNet34_ConvAP,0.198,,7561830400.0,83.198486328125,291.9790983200073,37.77315616607666,,,,,,14.502644538879396,365.1033878326416,51.99272632598877,,,,,,2.607846260070801,294.5869445800781,40.38100242614746
ResNet34_ConvAP_agg_0.50_sparsity_0.227_R1_0.917.ckpt,ResNet34_ConvAP,0.227,,7561830400.0,83.198486328125,284.70765352249146,37.14022636413574,,,,,,13.881945610046388,353.4737229347229,51.02357864379883,,,,,,1.9068241119384768,286.61447763442993,39.04705047607422
ResNet34_ConvAP_agg_0.50_sparsity_0.259_R1_0.920.ckpt,ResNet34_ConvAP,0.259,,7561830400.0,83.198486328125,276.78219079971313,32.99238681793213,,,,,,13.24462890625,363.333785533905,46.43062353134155,,,,,,1.5503644943237305,278.33255529403687,34.54275131225586
ResNet34_ConvAP_agg_0.50_sparsity_0.287_R1_0.916.ckpt,ResNet34_ConvAP,0.287,,7561830400.0,83.198486328125,268.83941888809204,32.695937156677246,,,,,,12.75649070739746,353.2564043998718,45.39796113967896,,,,,,1.504349708557129,270.3437685966492,34.200286865234375
ResNet34_ConvAP_agg_0.50_sparsity_0.318_R1_0.917.ckpt,ResNet34_ConvAP,0.318,,7561830400.0,83.198486328125,261.6254925727844,34.83802080154419,,,,,,12.11566925048828,334.0995192527771,47.53233194351196,,,,,,1.372981071472168,262.9984736442566,36.21100187301636
ResNet34_ConvAP_agg_0.50_sparsity_0.346_R1_0.914.ckpt,ResNet34_ConvAP,0.346,,7561830400.0,83.198486328125,254.1741847991943,33.332788944244385,,,,,,11.396408081054688,328.59275341033936,44.786787033081055,,,,,,1.295757293701172,255.4699420928955,34.62854623794556
ResNet34_ConvAP_agg_0.50_sparsity_0.371_R1_0.917.ckpt,ResNet34_ConvAP,0.371,,7561830400.0,83.198486328125,249.05284643173212,32.62789249420166,,,,,,10.777783393859863,336.4385843276977,43.41896772384644,,,,,,1.492142677307129,250.5449891090393,34.12003517150879
ResNet34_ConvAP_agg_0.50_sparsity_0.399_R1_0.915.ckpt,ResNet34_ConvAP,0.399,,7561830400.0,83.198486328125,240.56377410888672,35.54408550262451,,,,,,10.15024185180664,325.8564233779907,45.64772844314575,,,,,,1.4236211776733398,241.9873952865601,36.96770668029785
ResNet34_ConvAP_agg_0.50_sparsity_0.424_R1_0.913.ckpt,ResNet34_ConvAP,0.424,,7561830400.0,83.198486328125,234.5584273338318,31.539189815521244,,,,,,9.521770477294922,330.7687282562256,41.13566875457764,,,,,,1.2378454208374023,235.7962727546692,32.77703523635864
ResNet34_ConvAP_agg_0.50_sparsity_0.436_R1_0.912.ckpt,ResNet34_ConvAP,0.436,,7561830400.0,83.198486328125,231.4116716384888,25.633037090301517,,,,,,8.910059928894043,314.36612606048584,34.28837060928345,,,,,,1.2323379516601562,232.64400959014893,26.86537504196167
ResNet34_ConvAP_agg_0.75_sparsity_0.037_R1_0.922.ckpt,ResNet34_ConvAP,0.037,,7561830400.0,83.198486328125,332.613468170166,44.189453125,,,,,,17.343974113464355,409.161639213562,60.55976152420044,,,,,,2.4433135986328125,335.0567817687988,46.63276672363281
ResNet34_ConvAP_agg_0.75_sparsity_0.070_R1_0.923.ckpt,ResNet34_ConvAP,0.07,,7561830400.0,83.198486328125,324.15651082992554,44.019484519958496,,,,,,16.485905647277832,398.4238982200623,60.94164848327637,,,,,,2.1067142486572266,326.2632250785828,46.12619876861572
ResNet34_ConvAP_agg_0.75_sparsity_0.105_R1_0.923.ckpt,ResNet34_ConvAP,0.105,,7561830400.0,83.198486328125,315.73179960250854,44.83610391616821,,,,,,16.116809844970703,389.0502095222473,59.54740047454834,,,,,,2.7011632919311523,318.4329628944397,47.537267208099365
ResNet34_ConvAP_agg_0.75_sparsity_0.137_R1_0.922.ckpt,ResNet34_ConvAP,0.137,,7561830400.0,83.198486328125,307.64251947402954,41.88342094421387,,,,,,14.602088928222656,398.1802940368652,56.291329860687256,,,,,,1.4101505279541016,309.05267000198364,43.29357147216797
ResNet34_ConvAP_agg_0.75_sparsity_0.171_R1_0.922.ckpt,ResNet34_ConvAP,0.171,,7561830400.0,83.198486328125,299.45552349090576,38.868796825408936,,,,,,13.768148422241213,370.8646059036255,52.80095338821411,,,,,,1.8963098526000977,301.35183334350586,40.76510667800903
ResNet34_ConvAP_agg_0.75_sparsity_0.200_R1_0.919.ckpt,ResNet34_ConvAP,0.2,,7561830400.0,83.198486328125,292.1954274177551,37.65074014663696,,,,,,12.727499008178713,376.7206788063049,50.32157897949219,,,,,,2.2036075592041016,294.39903497695923,39.85434770584106
ResNet34_ConvAP_agg_0.75_sparsity_0.230_R1_0.920.ckpt,ResNet34_ConvAP,0.23,,7561830400.0,83.198486328125,286.36977672576904,37.23506927490234,,,,,,11.83631420135498,357.0644736289978,48.97309541702271,,,,,,1.675248146057129,288.0450248718262,38.91031742095947
ResNet34_ConvAP_agg_0.75_sparsity_0.262_R1_0.918.ckpt,ResNet34_ConvAP,0.262,,7561830400.0,83.198486328125,276.3090848922729,33.181726932525635,,,,,,10.769224166870115,350.6839394569397,44.06391382217407,,,,,,1.313018798828125,277.6221036911011,34.49474573135376
ResNet34_ConvAP_agg_0.75_sparsity_0.290_R1_0.914.ckpt,ResNet34_ConvAP,0.29,,7561830400.0,83.198486328125,268.2659149169922,32.840025424957275,,,,,,9.92257595062256,354.80865240097046,42.69652366638184,,,,,,1.291060447692871,269.55697536468506,34.13108587265015
ResNet34_ConvAP_agg_0.75_sparsity_0.322_R1_0.915.ckpt,ResNet34_ConvAP,0.322,,7561830400.0,83.198486328125,260.94590425491333,34.701502323150635,,,,,,8.90352725982666,334.83335971832275,44.192326068878174,,,,,,1.2574434280395508,262.2033476829529,35.958945751190186
ResNet34_ConvAP_agg_0.75_sparsity_0.349_R1_0.915.ckpt,ResNet34_ConvAP,0.349,,7561830400.0,83.198486328125,253.85061502456665,33.22422504425049,,,,,,7.979059219360352,338.7724995613098,41.13583564758301,,,,,,1.159501075744629,255.01011610031125,34.38372611999512
ResNet34_ConvAP_agg_0.75_sparsity_0.374_R1_0.916.ckpt,ResNet34_ConvAP,0.374,,7561830400.0,83.198486328125,248.10627698898315,32.60037899017334,,,,,,7.089138031005859,346.22381925582886,39.48972225189209,,,,,,0.9918451309204104,249.0981221199036,33.59222412109375
ResNet34_ConvAP_agg_0.75_sparsity_0.403_R1_0.912.ckpt,ResNet34_ConvAP,0.403,,7561830400.0,83.198486328125,240.6850814819336,35.79704761505127,,,,,,6.196999549865723,333.0119252204895,41.73991680145264,,,,,,0.8661985397338867,241.55128002166748,36.66324615478515
ResNet34_ConvAP_agg_0.75_sparsity_0.429_R1_0.911.ckpt,ResNet34_ConvAP,0.429,,7561830400.0,83.198486328125,234.18372869491577,31.531715393066406,,,,,,5.26573657989502,322.3600506782532,36.87056303024292,,,,,,0.7637262344360352,234.9474549293518,32.29544162750244
ResNet34_ConvAP_agg_0.75_sparsity_0.441_R1_0.911.ckpt,ResNet34_ConvAP,0.441,,7561830400.0,83.198486328125,230.939781665802,25.976336002349857,,,,,,4.3643951416015625,323.7566828727722,29.90880012512207,,,,,,0.579380989074707,231.5191626548767,26.55571699142456
ResNet34_GeM_agg_0.00_sparsity_0.035_R1_0.916.ckpt,ResNet34_GeM,0.035,,7510196224.0,85.20239639282227,331.0619354248047,43.933188915252686,,,,,,8.908438682556152,394.5727467536926,53.99717092514038,,,,,,1.2387752532958984,332.3007106781006,45.17196416854858
ResNet34_GeM_agg_0.00_sparsity_0.067_R1_0.917.ckpt,ResNet34_GeM,0.067,,7510196224.0,85.20239639282227,323.7456083297729,44.13386583328247,,,,,,8.90207290649414,387.904417514801,53.083646297454834,,,,,,1.3645410537719729,325.1101493835449,45.49840688705444
ResNet34_GeM_agg_0.00_sparsity_0.100_R1_0.918.ckpt,ResNet34_GeM,0.1,,7510196224.0,85.20239639282227,315.5410051345825,44.146728515625,,,,,,8.865189552307129,381.6072225570678,53.56398820877075,,,,,,1.2250185012817385,316.76602363586426,45.37174701690674
ResNet34_GeM_agg_0.00_sparsity_0.131_R1_0.916.ckpt,ResNet34_GeM,0.131,,7510196224.0,85.20239639282227,307.26174116134644,41.96070432662964,,,,,,8.872771263122559,373.56358766555786,50.89538097381592,,,,,,0.8281469345092773,308.0898880958557,42.78885126113891
ResNet34_GeM_agg_0.00_sparsity_0.164_R1_0.913.ckpt,ResNet34_GeM,0.164,,7510196224.0,85.20239639282227,298.21739196777344,39.09939527511597,,,,,,8.95998477935791,366.403603553772,48.383986949920654,,,,,,1.1078596115112305,299.32525157928467,40.2072548866272
ResNet34_GeM_agg_0.00_sparsity_0.191_R1_0.915.ckpt,ResNet34_GeM,0.191,,7510196224.0,85.20239639282227,290.6653046607971,38.11272382736206,,,,,,8.863639831542969,378.0100464820862,46.73806428909302,,,,,,1.1736154556274414,291.83892011642456,39.2863392829895
ResNet34_GeM_agg_0.00_sparsity_0.220_R1_0.916.ckpt,ResNet34_GeM,0.22,,7510196224.0,85.20239639282227,284.0880036354065,37.31848001480103,,,,,,9.01625156402588,365.8494472503662,46.46711349487305,,,,,,1.152634620666504,285.240638256073,38.47111463546753
ResNet34_GeM_agg_0.00_sparsity_0.251_R1_0.913.ckpt,ResNet34_GeM,0.251,,7510196224.0,85.20239639282227,275.7782340049744,33.54004621505737,,,,,,9.000325202941895,348.3713746070862,42.42448806762695,,,,,,1.1636734008789062,276.94190740585327,34.70371961593628
ResNet34_GeM_agg_0.00_sparsity_0.278_R1_0.912.ckpt,ResNet34_GeM,0.278,,7510196224.0,85.20239639282227,268.56672763824463,32.74909257888794,,,,,,8.99348258972168,357.34472274780273,42.24272966384888,,,,,,1.2309074401855469,269.7976350784302,33.980000019073486
ResNet34_GeM_agg_0.00_sparsity_0.308_R1_0.906.ckpt,ResNet34_GeM,0.308,,7510196224.0,85.20239639282227,260.91344356536865,35.063374042510986,,,,,,8.980917930603027,335.43297052383423,44.92534399032593,,,,,,1.0307073593139648,261.9441509246826,36.09408140182495
ResNet34_GeM_agg_0.00_sparsity_0.335_R1_0.907.ckpt,ResNet34_GeM,0.335,,7510196224.0,85.20239639282227,254.47157621383664,33.61072540283203,,,,,,9.032416343688965,354.7922253608704,42.72447824478149,,,,,,1.1960506439208984,255.6676268577575,34.80677604675293
ResNet34_GeM_agg_0.00_sparsity_0.359_R1_0.907.ckpt,ResNet34_GeM,0.359,,7510196224.0,85.20239639282227,248.0107426643372,32.79460668563843,,,,,,8.995532989501953,331.92474842071533,41.72375202178955,,,,,,1.1472463607788086,249.157989025116,33.94185304641724
ResNet34_GeM_agg_0.00_sparsity_0.387_R1_0.906.ckpt,ResNet34_GeM,0.387,,7510196224.0,85.20239639282227,241.7508363723755,36.33217811584473,,,,,,9.013700485229492,332.8027009963989,44.96669769287109,,,,,,1.2134075164794922,242.96424388885492,37.54558563232422
ResNet34_GeM_agg_0.00_sparsity_0.412_R1_0.909.ckpt,ResNet34_GeM,0.412,,7510196224.0,85.20239639282227,234.8050832748413,31.927657127380368,,,,,,9.00869369506836,338.31270933151245,40.88895320892334,,,,,,1.1711835861206057,235.9762668609619,33.09884071350098
ResNet34_GeM_agg_0.00_sparsity_0.423_R1_0.901.ckpt,ResNet34_GeM,0.423,,7510196224.0,85.20239639282227,231.29847049713132,25.81013441085815,,,,,,9.055447578430176,312.6747965812683,34.8711371421814,,,,,,1.169276237487793,232.4677467346191,26.979410648345947
ResNet34_GeM_agg_0.25_sparsity_0.036_R1_0.917.ckpt,ResNet34_GeM,0.036,,7510196224.0,85.20239639282227,331.5666437149048,44.15483474731445,,,,,,8.822178840637207,387.0956301689148,53.61849069595337,,,,,,1.2620925903320312,332.8287363052368,45.41692733764648
ResNet34_GeM_agg_0.25_sparsity_0.069_R1_0.918.ckpt,ResNet34_GeM,0.069,,7510196224.0,85.20239639282227,323.37865829467773,44.686245918273926,,,,,,8.607292175292969,384.1529607772827,52.74239778518677,,,,,,1.2435436248779297,324.62220191955566,45.929789543151855
ResNet34_GeM_agg_0.25_sparsity_0.103_R1_0.914.ckpt,ResNet34_GeM,0.103,,7510196224.0,85.20239639282227,315.7702207565308,44.44470405578613,,,,,,8.455729484558105,363.3081316947937,53.426218032836914,,,,,,1.1914730072021484,316.9616937637329,45.63617706298828
ResNet34_GeM_agg_0.25_sparsity_0.134_R1_0.917.ckpt,ResNet34_GeM,0.134,,7510196224.0,85.20239639282227,307.5510263442993,42.214417457580566,,,,,,8.276534080505371,382.2872757911682,50.86812973022461,,,,,,0.8713960647583008,308.4224224090576,43.08581352233887
ResNet34_GeM_agg_0.25_sparsity_0.168_R1_0.914.ckpt,ResNet34_GeM,0.168,,7510196224.0,85.20239639282227,297.63585329055786,39.14010524749756,,,,,,8.10236930847168,378.3295154571533,47.28116989135742,,,,,,1.1124849319458008,298.74833822250366,40.25259017944336
ResNet34_GeM_agg_0.25_sparsity_0.195_R1_0.912.ckpt,ResNet34_GeM,0.195,,7510196224.0,85.20239639282227,294.2100405693054,38.09803724288941,,,,,,7.946801185607911,376.7784118652344,45.79792022705078,,,,,,1.1373281478881836,295.3473687171936,39.23536539077759
ResNet34_GeM_agg_0.25_sparsity_0.225_R1_0.916.ckpt,ResNet34_GeM,0.225,,7510196224.0,85.20239639282227,285.8517289161682,37.76516914367676,,,,,,7.833290100097655,373.0536937713623,45.12377977371216,,,,,,1.0932683944702148,286.9449973106384,38.85843753814697
ResNet34_GeM_agg_0.25_sparsity_0.256_R1_0.913.ckpt,ResNet34_GeM,0.256,,7510196224.0,85.20239639282227,275.3185272216797,33.39759111404419,,,,,,7.75904655456543,353.657591342926,41.17640256881714,,,,,,1.068830490112305,276.387357711792,34.466421604156494
ResNet34_GeM_agg_0.25_sparsity_0.284_R1_0.910.ckpt,ResNet34_GeM,0.284,,7510196224.0,85.20239639282227,269.06588077545166,33.13363790512085,,,,,,7.513570785522461,359.99701023101807,40.69708585739136,,,,,,1.0043859481811523,270.0702667236328,34.138023853302
ResNet34_GeM_agg_0.25_sparsity_0.315_R1_0.910.ckpt,ResNet34_GeM,0.315,,7510196224.0,85.20239639282227,260.05444526672363,35.182154178619385,,,,,,7.425284385681152,336.4667654037476,42.99969673156738,,,,,,1.039719581604004,261.09416484832764,36.22187376022339
ResNet34_GeM_agg_0.25_sparsity_0.342_R1_0.908.ckpt,ResNet34_GeM,0.342,,7510196224.0,85.20239639282227,254.6260595321656,33.44391584396362,,,,,,7.254838943481445,342.0865774154663,40.64176082611084,,,,,,0.9948253631591798,255.6208848953247,34.4387412071228
ResNet34_GeM_agg_0.25_sparsity_0.367_R1_0.907.ckpt,ResNet34_GeM,0.367,,7510196224.0,85.20239639282227,247.5922465324402,33.28096866607666,,,,,,7.036590576171875,345.1721429824829,40.22568464279175,,,,,,0.9783029556274414,248.57054948806763,34.2592716217041
ResNet34_GeM_agg_0.25_sparsity_0.395_R1_0.908.ckpt,ResNet34_GeM,0.395,,7510196224.0,85.20239639282227,240.63316583633423,35.69365739822388,,,,,,6.888437271118164,329.7787070274353,42.44084358215332,,,,,,0.9752511978149414,241.6084170341492,36.66890859603882
ResNet34_GeM_agg_0.25_sparsity_0.420_R1_0.904.ckpt,ResNet34_GeM,0.42,,7510196224.0,85.20239639282227,234.7292423248291,31.7073941230774,,,,,,6.732702255249023,319.8249101638794,38.58882188796997,,,,,,0.9271621704101562,235.6564044952393,32.63455629348755
ResNet34_GeM_agg_0.25_sparsity_0.432_R1_0.905.ckpt,ResNet34_GeM,0.432,,7510196224.0,85.20239639282227,231.06282949447632,25.671815872192383,,,,,,6.623172760009766,329.2221546173096,32.38236904144287,,,,,,0.918889045715332,231.98171854019165,26.590704917907715
ResNet34_GeM_agg_0.50_sparsity_0.037_R1_0.916.ckpt,ResNet34_GeM,0.037,,7510196224.0,85.20239639282227,331.2373757362366,43.42801570892334,,,,,,8.536458015441895,393.4093713760376,53.2046914100647,,,,,,1.2687921524047852,332.50616788864136,44.696807861328125
ResNet34_GeM_agg_0.50_sparsity_0.070_R1_0.913.ckpt,ResNet34_GeM,0.07,,7510196224.0,85.20239639282227,323.728346824646,44.18759346008301,,,,,,8.257412910461426,389.17781114578247,52.68348455429077,,,,,,1.162552833557129,324.8908996582031,45.35014629364014
ResNet34_GeM_agg_0.50_sparsity_0.105_R1_0.911.ckpt,ResNet34_GeM,0.105,,7510196224.0,85.20239639282227,315.84092378616333,45.06237506866455,,,,,,7.915449142456056,394.2858576774597,52.85859107971192,,,,,,1.098799705505371,316.9397234916687,46.16117477416992
ResNet34_GeM_agg_0.50_sparsity_0.137_R1_0.912.ckpt,ResNet34_GeM,0.137,,7510196224.0,85.20239639282227,307.7617406845093,42.10439920425415,,,,,,7.668471336364746,372.74136543273926,49.52801465988159,,,,,,0.7193326950073242,308.4810733795166,42.82373189926148
ResNet34_GeM_agg_0.50_sparsity_0.171_R1_0.912.ckpt,ResNet34_GeM,0.171,,7510196224.0,85.20239639282227,297.321879863739,39.2926812171936,,,,,,7.527422904968262,373.3772039413452,46.75133228302002,,,,,,0.9447097778320312,298.26658964157104,40.23739099502564
ResNet34_GeM_agg_0.50_sparsity_0.200_R1_0.915.ckpt,ResNet34_GeM,0.2,,7510196224.0,85.20239639282227,296.57264947891235,37.72226572036743,,,,,,7.015633583068848,365.18882513046265,45.046448707580566,,,,,,0.9566307067871094,297.52928018569946,38.67889642715454
ResNet34_GeM_agg_0.50_sparsity_0.230_R1_0.916.ckpt,ResNet34_GeM,0.23,,7510196224.0,85.20239639282227,283.85651111602783,37.05439567565918,,,,,,6.740307807922363,354.6863079071045,43.79156827926636,,,,,,0.9311199188232422,284.7876310348511,37.98551559448242
ResNet34_GeM_agg_0.50_sparsity_0.261_R1_0.910.ckpt,ResNet34_GeM,0.261,,7510196224.0,85.20239639282227,275.4377245903015,33.3645224571228,,,,,,6.442046165466309,350.8829951286316,39.61275815963745,,,,,,0.872492790222168,276.3102173805237,34.23701524734497
ResNet34_GeM_agg_0.50_sparsity_0.290_R1_0.913.ckpt,ResNet34_GeM,0.29,,7510196224.0,85.20239639282227,268.53623390197754,32.874155044555664,,,,,,6.10659122467041,343.5853362083435,39.0974760055542,,,,,,0.836181640625,269.37241554260254,33.710336685180664
ResNet34_GeM_agg_0.50_sparsity_0.321_R1_0.910.ckpt,ResNet34_GeM,0.321,,7510196224.0,85.20239639282227,260.6873750686645,35.00957489013672,,,,,,5.840039253234863,351.98309421539307,41.44967794418335,,,,,,0.8149147033691406,261.5022897720337,35.82448959350586
ResNet34_GeM_agg_0.50_sparsity_0.349_R1_0.909.ckpt,ResNet34_GeM,0.349,,7510196224.0,85.20239639282227,254.28888797760007,33.45617055892944,,,,,,5.522561073303223,334.7749710083008,39.04826641082764,,,,,,0.7666110992431641,255.05549907684323,34.22278165817261
ResNet34_GeM_agg_0.50_sparsity_0.374_R1_0.910.ckpt,ResNet34_GeM,0.374,,7510196224.0,85.20239639282227,248.5579490661621,32.72525072097778,,,,,,5.199766159057617,326.48733854293823,38.07454109191895,,,,,,0.731205940246582,249.2891550064087,33.456456661224365
ResNet34_GeM_agg_0.50_sparsity_0.403_R1_0.908.ckpt,ResNet34_GeM,0.403,,7510196224.0,85.20239639282227,240.55875539779663,35.62631607055664,,,,,,4.907727241516113,315.80172777175903,40.45045375823975,,,,,,0.7139921188354492,241.27274751663208,36.34030818939209
ResNet34_GeM_agg_0.50_sparsity_0.428_R1_0.905.ckpt,ResNet34_GeM,0.428,,7510196224.0,85.20239639282227,234.1111421585083,31.717789173126217,,,,,,4.658174514770508,337.8166913986206,36.67314052581787,,,,,,0.6433486938476562,234.754490852356,32.36113786697388
ResNet34_GeM_agg_0.50_sparsity_0.441_R1_0.902.ckpt,ResNet34_GeM,0.441,,7510196224.0,85.20239639282227,231.50701522827148,25.72929859161377,,,,,,4.311919212341309,310.4929208755493,29.90752458572388,,,,,,0.6133794784545898,232.12039470672607,26.34267807006836
ResNet34_GeM_agg_0.75_sparsity_0.038_R1_0.915.ckpt,ResNet34_GeM,0.038,,7510196224.0,85.20239639282227,332.2395324707031,44.312965869903564,,,,,,8.852219581604004,402.202308177948,53.77963781356812,,,,,,1.2187719345092771,333.4583044052124,45.53173780441284
ResNet34_GeM_agg_0.75_sparsity_0.072_R1_0.918.ckpt,ResNet34_GeM,0.072,,7510196224.0,85.20239639282227,324.23927783966064,43.80156993865967,,,,,,7.995533943176269,399.4447708129883,52.28511095046997,,,,,,1.0966777801513672,325.335955619812,44.89824771881104
ResNet34_GeM_agg_0.75_sparsity_0.107_R1_0.915.ckpt,ResNet34_GeM,0.107,,7510196224.0,85.20239639282227,315.8341646194458,44.399380683898926,,,,,,7.487177848815918,396.98699712753296,51.785218715667725,,,,,,1.04522705078125,316.87939167022705,45.444607734680176
ResNet34_GeM_agg_0.75_sparsity_0.140_R1_0.914.ckpt,ResNet34_GeM,0.14,,7510196224.0,85.20239639282227,308.9158773422241,42.02545881271362,,,,,,7.07850456237793,378.8163423538208,49.28719997406006,,,,,,0.6886005401611328,309.60447788238525,42.71405935287475
ResNet34_GeM_agg_0.75_sparsity_0.175_R1_0.913.ckpt,ResNet34_GeM,0.175,,7510196224.0,85.20239639282227,299.0374088287353,39.36727046966553,,,,,,6.734776496887207,370.186185836792,46.68312072753906,,,,,,0.9102344512939452,299.9476432800293,40.27750492095947
ResNet34_GeM_agg_0.75_sparsity_0.204_R1_0.914.ckpt,ResNet34_GeM,0.204,,7510196224.0,85.20239639282227,291.6979432106018,37.726008892059326,,,,,,6.131315231323242,351.9905924797058,43.80415678024292,,,,,,0.8200883865356445,292.51803159713745,38.54609727859497
ResNet34_GeM_agg_0.75_sparsity_0.234_R1_0.918.ckpt,ResNet34_GeM,0.234,,7510196224.0,85.20239639282227,285.1920008659363,37.19838857650757,,,,,,5.675506591796875,363.7587547302246,42.8850531578064,,,,,,0.805354118347168,285.99735498428345,38.003742694854736
ResNet34_GeM_agg_0.75_sparsity_0.267_R1_0.909.ckpt,ResNet34_GeM,0.267,,7510196224.0,85.20239639282227,275.3393292427063,33.50348472595215,,,,,,5.227422714233398,351.7102360725403,38.96853923797608,,,,,,0.6987333297729492,276.03806257247925,34.2022180557251
ResNet34_GeM_agg_0.75_sparsity_0.296_R1_0.908.ckpt,ResNet34_GeM,0.296,,7510196224.0,85.20239639282227,269.5161461830139,32.81456232070923,,,,,,4.761981964111328,336.8401527404785,37.576842308044434,,,,,,0.6873846054077148,270.20353078842163,33.50194692611694
ResNet34_GeM_agg_0.75_sparsity_0.328_R1_0.906.ckpt,ResNet34_GeM,0.328,,7510196224.0,85.20239639282227,260.78221797943115,34.959983825683594,,,,,,4.308295249938965,337.79696226119995,39.78464603424072,,,,,,0.5381584167480469,261.3203763961792,35.49814224243164
ResNet34_GeM_agg_0.75_sparsity_0.356_R1_0.907.ckpt,ResNet34_GeM,0.356,,7510196224.0,85.20239639282227,255.1400065422058,33.28735828399658,,,,,,3.856301307678222,334.5065712928772,37.1174693107605,,,,,,0.5456209182739258,255.68562746047976,33.83297920227051
ResNet34_GeM_agg_0.75_sparsity_0.382_R1_0.901.ckpt,ResNet34_GeM,0.382,,7510196224.0,85.20239639282227,248.502779006958,32.68013000488281,,,,,,3.4324169158935547,315.2519464492798,36.07779741287232,,,,,,0.4787921905517578,248.98157119750977,33.15892219543457
ResNet34_GeM_agg_0.75_sparsity_0.410_R1_0.903.ckpt,ResNet34_GeM,0.41,,7510196224.0,85.20239639282227,240.9089207649231,35.88361740112305,,,,,,3.182601928710937,319.0315246582031,38.657498359680176,,,,,,0.4523754119873047,241.3612961769104,36.33599281311035
ResNet34_GeM_agg_0.75_sparsity_0.437_R1_0.897.ckpt,ResNet34_GeM,0.437,,7510196224.0,85.20239639282227,234.53646898269653,31.76726102828979,,,,,,2.57563591003418,335.8654379844665,34.22651290893555,,,,,,0.374913215637207,234.91138219833377,32.142174243927
ResNet34_GeM_agg_0.75_sparsity_0.450_R1_0.896.ckpt,ResNet34_GeM,0.45,,7510196224.0,85.20239639282227,231.9792866706848,25.610661506652832,,,,,,2.1128416061401367,319.0625548362732,27.596843242645264,,,,,,0.299692153930664,232.27897882461548,25.910353660583496
ResNet34_MixVPR_agg_0.00_sparsity_0.033_R1_0.930.ckpt,ResNet34_MixVPR,0.033,,6554730496.0,36.34991455078125,286.05949878692627,33.4696888923645,,,,,,18.25404167175293,305.45328855514526,51.44050121307373,,,,,,2.13007926940918,288.18957805633545,35.59976816177368
ResNet34_MixVPR_agg_0.00_sparsity_0.058_R1_0.929.ckpt,ResNet34_MixVPR,0.058,,6554730496.0,36.34991455078125,334.8873972892761,33.308517932891846,,,,,,18.239402770996097,358.1786155700684,51.41898393630981,,,,,,2.133488655090332,337.02088594436646,35.44200658798218
ResNet34_MixVPR_agg_0.00_sparsity_0.089_R1_0.928.ckpt,ResNet34_MixVPR,0.089,,6554730496.0,36.34991455078125,340.84367752075195,33.52324962615967,,,,,,18.288159370422363,345.21756172180176,52.03354358673096,,,,,,2.16817855834961,343.0118560791016,35.69142818450928
ResNet34_MixVPR_agg_0.00_sparsity_0.113_R1_0.930.ckpt,ResNet34_MixVPR,0.113,,6554730496.0,36.34991455078125,328.1026601791382,32.44342803955078,,,,,,18.66490840911865,367.0575022697449,51.13217830657959,,,,,,2.074742317199707,330.1774024963379,34.51817035675049
ResNet34_MixVPR_agg_0.00_sparsity_0.144_R1_0.930.ckpt,ResNet34_MixVPR,0.144,,6554730496.0,36.34991455078125,326.1029005050659,28.80610227584839,,,,,,18.473052978515625,359.4833850860596,46.827709674835205,,,,,,2.0854949951171875,328.1883955001831,30.891597270965576
ResNet34_MixVPR_agg_0.00_sparsity_0.167_R1_0.933.ckpt,ResNet34_MixVPR,0.167,,6554730496.0,36.34991455078125,337.78613805770874,27.91744470596313,,,,,,18.28176975250244,365.3889298439026,46.06388807296753,,,,,,2.1039962768554688,339.8901343345642,30.021440982818604
ResNet34_MixVPR_agg_0.00_sparsity_0.190_R1_0.931.ckpt,ResNet34_MixVPR,0.19,,6554730496.0,36.34991455078125,334.35455560684204,27.2395133972168,,,,,,18.206381797790527,351.39477252960205,45.32806873321533,,,,,,2.083301544189453,336.4378571510315,29.32281494140625
ResNet34_MixVPR_agg_0.00_sparsity_0.218_R1_0.928.ckpt,ResNet34_MixVPR,0.218,,6554730496.0,36.34991455078125,325.29605627059937,24.562573432922363,,,,,,18.21143627166748,347.33487367630005,42.48241186141968,,,,,,2.066469192504883,327.36252546310425,26.62904262542725
ResNet34_MixVPR_agg_0.00_sparsity_0.240_R1_0.930.ckpt,ResNet34_MixVPR,0.24,,6554730496.0,36.34991455078125,329.944920539856,24.652552604675293,,,,,,18.263936042785645,341.0807490348816,42.90883541107178,,,,,,2.0721435546875,332.01706409454346,26.724696159362797
ResNet34_MixVPR_agg_0.00_sparsity_0.268_R1_0.929.ckpt,ResNet34_MixVPR,0.268,,6554730496.0,36.34991455078125,323.7896680831909,26.82119607925415,,,,,,18.39735507965088,340.2042508125305,45.35003900527954,,,,,,2.083063125610352,325.87273120880127,28.904259204864506
ResNet34_MixVPR_agg_0.00_sparsity_0.289_R1_0.929.ckpt,ResNet34_MixVPR,0.289,,6554730496.0,36.34991455078125,305.26344776153564,25.615382194519043,,,,,,18.25432777404785,305.8393955230713,43.61832141876221,,,,,,2.073526382446289,307.33697414398193,27.68890857696533
ResNet34_MixVPR_agg_0.00_sparsity_0.310_R1_0.928.ckpt,ResNet34_MixVPR,0.31,,6554730496.0,36.34991455078125,289.9970769882202,25.00228881835937,,,,,,18.23558807373047,338.77785205841064,43.30334663391113,,,,,,2.084183692932129,292.08126068115234,27.086472511291504
ResNet34_MixVPR_agg_0.00_sparsity_0.335_R1_0.929.ckpt,ResNet34_MixVPR,0.335,,6554730496.0,36.34991455078125,318.3167695999145,28.234899044036865,,,,,,18.284320831298828,340.52929878234863,46.46518230438232,,,,,,2.055501937866211,320.3722715377808,30.29040098190308
ResNet34_MixVPR_agg_0.00_sparsity_0.355_R1_0.928.ckpt,ResNet34_MixVPR,0.355,,6554730496.0,36.34991455078125,298.69956970214844,26.421761512756348,,,,,,18.24793815612793,330.88124990463257,44.768548011779785,,,,,,2.0639419555664062,300.76351165771484,28.48570346832275
ResNet34_MixVPR_agg_0.00_sparsity_0.364_R1_0.930.ckpt,ResNet34_MixVPR,0.364,,6554730496.0,36.34991455078125,296.8504071235657,21.548402309417725,,,,,,18.19131374359131,325.41770935058594,39.74181413650513,,,,,,2.097749710083008,298.9481568336487,23.64615201950073
ResNet34_MixVPR_agg_0.25_sparsity_0.033_R1_0.932.ckpt,ResNet34_MixVPR,0.033,,6554730496.0,36.34991455078125,348.52633476257324,38.66078853607178,,,,,,17.966485023498535,370.383358001709,51.087939739227295,,,,,,2.062606811523437,350.5889415740967,40.723395347595215
ResNet34_MixVPR_agg_0.25_sparsity_0.059_R1_0.932.ckpt,ResNet34_MixVPR,0.059,,6554730496.0,36.34991455078125,359.8413109779358,33.61893892288208,,,,,,17.817044258117676,366.4106607437134,51.18955373764038,,,,,,2.0841360092163086,361.9254469871521,35.70307493209839
ResNet34_MixVPR_agg_0.25_sparsity_0.089_R1_0.930.ckpt,ResNet34_MixVPR,0.089,,6554730496.0,36.34991455078125,340.12088775634766,33.69584083557129,,,,,,17.334437370300293,362.1949076652527,51.17824077606201,,,,,,2.05221176147461,342.17309951782227,35.7480525970459
ResNet34_MixVPR_agg_0.25_sparsity_0.113_R1_0.930.ckpt,ResNet34_MixVPR,0.113,,6554730496.0,36.34991455078125,334.519362449646,32.64561891555786,,,,,,16.986918449401855,352.1825671195984,50.08890628814697,,,,,,1.9968986511230469,336.51626110076904,34.64251756668091
ResNet34_MixVPR_agg_0.25_sparsity_0.144_R1_0.932.ckpt,ResNet34_MixVPR,0.144,,6554730496.0,36.34991455078125,332.01160430908203,28.50602865219116,,,,,,16.845059394836426,371.8242049217224,45.55497169494629,,,,,,1.9038915634155271,333.9154958724976,30.40992021560669
ResNet34_MixVPR_agg_0.25_sparsity_0.168_R1_0.928.ckpt,ResNet34_MixVPR,0.168,,6554730496.0,36.34991455078125,326.7930269241333,27.681028842926025,,,,,,16.541409492492676,334.2425584793091,44.35806274414063,,,,,,1.9318819046020508,328.7249088287353,29.61291074752808
ResNet34_MixVPR_agg_0.25_sparsity_0.191_R1_0.926.ckpt,ResNet34_MixVPR,0.191,,6554730496.0,36.34991455078125,314.1914367675781,27.371490001678467,,,,,,16.115212440490723,350.7153987884521,43.49614381790161,,,,,,1.921844482421875,316.11328125,29.293334484100345
ResNet34_MixVPR_agg_0.25_sparsity_0.218_R1_0.924.ckpt,ResNet34_MixVPR,0.218,,6554730496.0,36.34991455078125,346.03288173675537,28.34022045135498,,,,,,15.89522361755371,333.9543104171753,40.15748500823975,,,,,,1.9385576248168943,347.97143936157227,30.278778076171875
ResNet34_MixVPR_agg_0.25_sparsity_0.241_R1_0.926.ckpt,ResNet34_MixVPR,0.241,,6554730496.0,36.34991455078125,348.20871353149414,24.80266094207764,,,,,,15.539097785949709,334.26780700683594,40.86955785751343,,,,,,1.942276954650879,350.150990486145,26.74493789672852
ResNet34_MixVPR_agg_0.25_sparsity_0.269_R1_0.927.ckpt,ResNet34_MixVPR,0.269,,6554730496.0,36.34991455078125,325.784432888031,27.25651264190674,,,,,,15.29676914215088,335.14513969421387,41.93813800811768,,,,,,1.944422721862793,327.7288556098938,29.20093536376953
ResNet34_MixVPR_agg_0.25_sparsity_0.290_R1_0.927.ckpt,ResNet34_MixVPR,0.29,,6554730496.0,36.34991455078125,307.698130607605,25.642991065979004,,,,,,15.140080451965332,310.51878929138184,40.695881843566895,,,,,,1.8761873245239256,309.5743179321289,27.51917839050293
ResNet34_MixVPR_agg_0.25_sparsity_0.311_R1_0.928.ckpt,ResNet34_MixVPR,0.311,,6554730496.0,36.34991455078125,303.1053066253662,25.273263454437256,,,,,,14.88659381866455,351.1719346046448,40.04895687103272,,,,,,1.83255672454834,304.9378633499145,27.1058201789856
ResNet34_MixVPR_agg_0.25_sparsity_0.336_R1_0.926.ckpt,ResNet34_MixVPR,0.336,,6554730496.0,36.34991455078125,297.0709562301636,28.3566951751709,,,,,,14.740991592407228,323.39171171188354,43.028414249420166,,,,,,1.792001724243164,298.86295795440674,30.148696899414062
ResNet34_MixVPR_agg_0.25_sparsity_0.356_R1_0.922.ckpt,ResNet34_MixVPR,0.356,,6554730496.0,36.34991455078125,316.1600112915039,26.46576166152954,,,,,,14.227700233459473,334.1452717781067,40.92512130737305,,,,,,1.7792463302612305,317.93925762176514,28.24500799179077
ResNet34_MixVPR_agg_0.25_sparsity_0.366_R1_0.925.ckpt,ResNet34_MixVPR,0.366,,6554730496.0,36.34991455078125,294.7957158088684,21.51048183441162,,,,,,13.817143440246582,341.25505685806274,34.736621379852295,,,,,,1.7928361892700195,296.5885519981384,23.30331802368164
ResNet34_MixVPR_agg_0.50_sparsity_0.033_R1_0.931.ckpt,ResNet34_MixVPR,0.033,,6554730496.0,36.34991455078125,344.80509757995605,33.324646949768066,,,,,,17.535400390625,381.012487411499,50.58627128601074,,,,,,2.1433591842651367,346.9484567642212,35.4680061340332
ResNet34_MixVPR_agg_0.50_sparsity_0.059_R1_0.931.ckpt,ResNet34_MixVPR,0.059,,6554730496.0,36.34991455078125,355.15050888061523,33.585941791534424,,,,,,17.02733039855957,365.9386873245239,50.37256479263306,,,,,,2.1134138107299805,357.2639226913452,35.699355602264404
ResNet34_MixVPR_agg_0.50_sparsity_0.089_R1_0.931.ckpt,ResNet34_MixVPR,0.089,,6554730496.0,36.34991455078125,329.33053970336914,33.55356454849243,,,,,,16.497230529785156,346.08185291290283,50.009870529174805,,,,,,1.978945732116699,331.30948543548584,35.53251028060913
ResNet34_MixVPR_agg_0.50_sparsity_0.114_R1_0.930.ckpt,ResNet34_MixVPR,0.114,,6554730496.0,36.34991455078125,345.6632256507873,31.437885761260983,,,,,,16.17000102996826,364.7522091865539,49.313437938690186,,,,,,1.927828788757324,347.5910544395447,33.36571455001831
ResNet34_MixVPR_agg_0.50_sparsity_0.145_R1_0.932.ckpt,ResNet34_MixVPR,0.145,,6554730496.0,36.34991455078125,355.9674024581909,28.7117600440979,,,,,,15.528225898742676,360.16935110092163,44.11722421646118,,,,,,1.8699407577514648,357.8373432159424,30.581700801849365
ResNet34_MixVPR_agg_0.50_sparsity_0.168_R1_0.932.ckpt,ResNet34_MixVPR,0.168,,6554730496.0,36.34991455078125,327.6608347892761,27.756261825561523,,,,,,14.983344078063965,337.8093957901001,42.817020416259766,,,,,,1.8114805221557613,329.4723153114319,29.567742347717285
ResNet34_MixVPR_agg_0.50_sparsity_0.192_R1_0.930.ckpt,ResNet34_MixVPR,0.192,,6554730496.0,36.34991455078125,332.0518374443054,27.41978168487549,,,,,,14.116549491882324,329.1730046272278,41.34489297866821,,,,,,1.7752885818481443,333.8271260261536,29.195070266723636
ResNet34_MixVPR_agg_0.50_sparsity_0.219_R1_0.927.ckpt,ResNet34_MixVPR,0.219,,6554730496.0,36.34991455078125,304.38956022262573,24.32016134262085,,,,,,13.583731651306152,334.16916131973267,38.14568519592285,,,,,,1.738595962524414,306.12815618515015,26.058757305145264
ResNet34_MixVPR_agg_0.50_sparsity_0.241_R1_0.925.ckpt,ResNet34_MixVPR,0.241,,6554730496.0,36.34991455078125,322.53456115722656,24.844133853912357,,,,,,12.944531440734863,310.4899048805237,37.844979763031006,,,,,,1.5884160995483398,324.1229772567749,26.432549953460693
ResNet34_MixVPR_agg_0.50_sparsity_0.270_R1_0.927.ckpt,ResNet34_MixVPR,0.27,,6554730496.0,36.34991455078125,308.7496876716614,26.98873281478882,,,,,,12.427258491516112,313.1974935531616,39.35991525650024,,,,,,1.492166519165039,310.2418541908264,28.480899333953857
ResNet34_MixVPR_agg_0.50_sparsity_0.291_R1_0.926.ckpt,ResNet34_MixVPR,0.291,,6554730496.0,36.34991455078125,309.53956842422485,25.291359424591064,,,,,,11.767292022705078,322.4405288696289,37.18030452728272,,,,,,1.481795310974121,311.021363735199,26.773154735565186
ResNet34_MixVPR_agg_0.50_sparsity_0.312_R1_0.931.ckpt,ResNet34_MixVPR,0.312,,6554730496.0,36.34991455078125,305.1501989364624,30.72683811187744,,,,,,11.240482330322266,319.8652386665344,36.12562417984009,,,,,,1.4046430587768557,306.55484199523926,32.1314811706543
ResNet34_MixVPR_agg_0.50_sparsity_0.337_R1_0.928.ckpt,ResNet34_MixVPR,0.337,,6554730496.0,36.34991455078125,306.8722486495972,28.026306629180908,,,,,,10.75448989868164,337.479305267334,38.95543813705444,,,,,,1.384568214416504,308.2568168640137,29.41087484359741
ResNet34_MixVPR_agg_0.50_sparsity_0.357_R1_0.923.ckpt,ResNet34_MixVPR,0.357,,6554730496.0,36.34991455078125,304.4440269470215,26.556921005249023,,,,,,10.098648071289062,314.32104110717773,36.43850088119507,,,,,,1.319575309753418,305.7636022567749,27.87649631500244
ResNet34_MixVPR_agg_0.50_sparsity_0.367_R1_0.924.ckpt,ResNet34_MixVPR,0.367,,6554730496.0,36.34991455078125,296.0072875022888,21.12905979156494,,,,,,9.49242115020752,305.1758050918579,30.67225217819214,,,,,,1.242780685424805,297.2500681877136,22.371840476989743
ResNet34_MixVPR_agg_0.75_sparsity_0.033_R1_0.930.ckpt,ResNet34_MixVPR,0.033,,6554730496.0,36.34991455078125,349.34067726135254,32.72566795349121,,,,,,17.307019233703613,366.0051941871643,50.37028789520264,,,,,,2.125859260559082,351.4665365219116,34.85152721405029
ResNet34_MixVPR_agg_0.75_sparsity_0.059_R1_0.931.ckpt,ResNet34_MixVPR,0.059,,6554730496.0,36.34991455078125,340.33706188201904,33.30870866775513,,,,,,16.571831703186035,363.37366104125977,49.73876476287842,,,,,,2.007389068603516,342.34445095062256,35.31609773635864
ResNet34_MixVPR_agg_0.75_sparsity_0.089_R1_0.930.ckpt,ResNet34_MixVPR,0.089,,6554730496.0,36.34991455078125,330.98177909851074,33.59473943710327,,,,,,15.570807456970217,356.80428743362427,49.45800304412842,,,,,,1.8748760223388672,332.8566551208496,35.46961545944214
ResNet34_MixVPR_agg_0.75_sparsity_0.114_R1_0.927.ckpt,ResNet34_MixVPR,0.114,,6554730496.0,36.34991455078125,339.0939831733704,31.502604484558105,,,,,,14.821195602416992,357.2203755378723,47.35443592071533,,,,,,1.654982566833496,340.74896574020386,33.1575870513916
ResNet34_MixVPR_agg_0.75_sparsity_0.145_R1_0.928.ckpt,ResNet34_MixVPR,0.145,,6554730496.0,36.34991455078125,337.3152732849121,28.384363651275635,,,,,,13.91921043395996,336.65735721588135,42.69284009933472,,,,,,1.6452789306640625,338.9605522155762,30.029642581939697
ResNet34_MixVPR_agg_0.75_sparsity_0.169_R1_0.926.ckpt,ResNet34_MixVPR,0.169,,6554730496.0,36.34991455078125,336.25097274780273,27.53962278366089,,,,,,12.95764446258545,352.1327614784241,40.71885347366333,,,,,,1.5869617462158203,337.8379344940185,29.12658452987671
ResNet34_MixVPR_agg_0.75_sparsity_0.192_R1_0.927.ckpt,ResNet34_MixVPR,0.192,,6554730496.0,36.34991455078125,339.2239809036255,27.327144145965576,,,,,,12.293601036071776,341.7900323867798,39.552271366119385,,,,,,1.485490798950195,340.7094717025757,28.81263494491577
ResNet34_MixVPR_agg_0.75_sparsity_0.220_R1_0.925.ckpt,ResNet34_MixVPR,0.22,,6554730496.0,36.34991455078125,332.9821825027466,24.64601993560791,,,,,,11.247777938842772,331.50322437286377,36.3918662071228,,,,,,1.4337778091430664,334.41596031188965,26.079797744750977
ResNet34_MixVPR_agg_0.75_sparsity_0.242_R1_0.923.ckpt,ResNet34_MixVPR,0.242,,6554730496.0,36.34991455078125,322.3270893096924,24.78866577148437,,,,,,10.63072681427002,324.1815447807312,35.5202317237854,,,,,,1.332235336303711,323.6593246459961,26.12090110778809
ResNet34_MixVPR_agg_0.75_sparsity_0.270_R1_0.924.ckpt,ResNet34_MixVPR,0.27,,6554730496.0,36.34991455078125,330.3761601448059,26.74264907836914,,,,,,9.54415798187256,348.4851837158203,36.972832679748535,,,,,,1.1972427368164062,331.5734028816223,27.939891815185547
ResNet34_MixVPR_agg_0.75_sparsity_0.292_R1_0.925.ckpt,ResNet34_MixVPR,0.292,,6554730496.0,36.34991455078125,313.1229281425476,25.329744815826416,,,,,,8.867096900939941,322.42525815963745,34.68600511550903,,,,,,1.135969161987305,314.2588973045349,26.46571397781372
ResNet34_MixVPR_agg_0.75_sparsity_0.313_R1_0.925.ckpt,ResNet34_MixVPR,0.313,,6554730496.0,36.34991455078125,311.10483407974243,24.77954626083374,,,,,,7.703709602355957,326.5796542167664,32.85629749298096,,,,,,0.9772777557373048,312.08211183547974,25.756824016571045
ResNet34_MixVPR_agg_0.75_sparsity_0.338_R1_0.924.ckpt,ResNet34_MixVPR,0.338,,6554730496.0,36.34991455078125,300.88257789611816,28.180837631225582,,,,,,6.887006759643555,319.84267234802246,35.44572591781616,,,,,,0.9066343307495116,301.7892122268677,29.087471961975098
ResNet34_MixVPR_agg_0.75_sparsity_0.358_R1_0.920.ckpt,ResNet34_MixVPR,0.358,,6554730496.0,36.34991455078125,306.3085436820984,26.143920421600345,,,,,,6.034946441650391,308.63739252090454,32.231807708740234,,,,,,0.7810831069946289,307.089626789093,26.92500352859497
ResNet34_MixVPR_agg_0.75_sparsity_0.368_R1_0.919.ckpt,ResNet34_MixVPR,0.368,,6554730496.0,36.34991455078125,287.999427318573,21.349668502807617,,,,,,5.359077453613281,307.6563835144043,26.621544361114506,,,,,,0.6884574890136719,288.68788480758667,22.03812599182129
