weight_path,method_name,sparsity,descriptor_dim,flops,model_memory,extraction_lat_cpu_bs1,extraction_lat_gpu_bs1,MapillarySLS_R1,MapillarySLS_R5,MapillarySLS_R10,MapillarySLS_map_memory,MapillarySLS_total_memory,MapillarySLS_matching_lat,MapillarySLS_total_cpu_lat_bs1,MapillarySLS_total_gpu_lat_bs1,Pitts30k_Val_R1,Pitts30k_Val_R5,Pitts30k_Val_R10,Pitts30k_Val_map_memory,Pitts30k_Val_total_memory,Pitts30k_Val_matching_lat,Pitts30k_Val_total_cpu_lat_bs1,Pitts30k_Val_total_gpu_lat_bs1,AmsterTime_R1,AmsterTime_R5,AmsterTime_R10,AmsterTime_map_memory,AmsterTime_total_memory,AmsterTime_matching_lat,AmsterTime_total_cpu_lat_bs1,AmsterTime_total_gpu_lat_bs1,SVOX_R1,SVOX_R5,SVOX_R10,SVOX_map_memory,SVOX_total_memory,SVOX_matching_lat,SVOX_total_cpu_lat_bs1,SVOX_total_gpu_lat_bs1
ResNet34_MixVPR_agg_0.00_sparsity_0.064_R1_0.929.ckpt,ResNet34_MixVPR,0.064,,6554730496.0,36.34991455078125,279.5534133911133,34.0964674949646,,,,,,33.4444522857666,313.67563009262085,68.60226392745972,,,,,,17.515897750854492,297.9607820510864,51.510822772979736,,,,,,2.079296112060547,281.78250789642334,36.39744520187378,,,,,,30.190157890319824,309.7435712814331,64.28662538528442
ResNet34_MixVPR_agg_0.00_sparsity_0.126_R1_0.930.ckpt,ResNet34_MixVPR,0.126,,6554730496.0,36.34991455078125,264.56679105758667,26.92546844482422,,,,,,31.507682800292965,378.838586807251,58.805036544799805,,,,,,17.171525955200195,282.1652054786682,43.77343654632568,,,,,,1.9574403762817385,266.3092374801636,30.61758279800415,,,,,,28.804731369018555,293.3715224266052,55.73019981384277
ResNet34_MixVPR_agg_0.00_sparsity_0.185_R1_0.926.ckpt,ResNet34_MixVPR,0.185,,6554730496.0,36.34991455078125,251.62994861602783,28.07612419128418,,,,,,30.248403549194336,356.7257285118103,58.52952003479004,,,,,,15.644145011901855,266.04769229888916,44.0549373626709,,,,,,1.8251657485961912,252.74457931518555,30.367636680603027,,,,,,27.347207069396973,278.9771556854248,55.42333126068115
ResNet34_MixVPR_agg_0.00_sparsity_0.241_R1_0.925.ckpt,ResNet34_MixVPR,0.241,,6554730496.0,36.34991455078125,237.3157501220703,25.225353240966797,,,,,,28.197932243347168,343.5268521308899,53.8662314414978,,,,,,14.945268630981444,252.40072011947632,40.43799638748169,,,,,,1.9654750823974607,238.54941129684448,30.798447132110596,,,,,,25.677847862243652,262.99359798431396,50.90320110321045
ResNet34_MixVPR_agg_0.00_sparsity_0.295_R1_0.927.ckpt,ResNet34_MixVPR,0.295,,6554730496.0,36.34991455078125,224.61819648742676,25.652003288269043,,,,,,26.63884162902832,345.64348459243774,52.735984325408936,,,,,,14.159154891967772,238.37151527404785,40.23381471633911,,,,,,1.6893863677978516,226.2848138809204,28.020501136779785,,,,,,24.120473861694336,248.7386703491211,49.77247714996338
ResNet34_MixVPR_agg_0.00_sparsity_0.346_R1_0.930.ckpt,ResNet34_MixVPR,0.346,,6554730496.0,36.34991455078125,212.51347064971924,26.631176471710205,,,,,,25.03805160522461,319.1152095794678,52.45643854141235,,,,,,13.606715202331545,226.717472076416,47.82439470291138,,,,,,1.536417007446289,215.93950986862183,30.617094039916992,,,,,,22.659873962402344,235.1733446121216,49.29105043411255
ResNet34_MixVPR_agg_0.00_sparsity_0.395_R1_0.923.ckpt,ResNet34_MixVPR,0.395,,6554730496.0,36.34991455078125,200.84731578826904,24.39448833465576,,,,,,23.6447811126709,311.7619514465332,48.62798452377319,,,,,,12.233471870422363,213.01240921020508,37.49096393585205,,,,,,1.4093637466430664,201.79277658462524,26.131153106689453,,,,,,21.68617248535156,222.5334882736206,46.08066082000733
ResNet34_MixVPR_agg_0.00_sparsity_0.441_R1_0.923.ckpt,ResNet34_MixVPR,0.441,,6554730496.0,36.34991455078125,189.1419529914856,23.362302780151367,,,,,,21.607184410095215,304.498815536499,44.94576454162598,,,,,,11.34483814239502,201.12279653549191,35.16354560852051,,,,,,1.3135671615600586,190.6111001968384,25.080835819244385,,,,,,19.864773750305176,209.00672674179077,43.22707653045654
ResNet34_MixVPR_agg_0.00_sparsity_0.485_R1_0.921.ckpt,ResNet34_MixVPR,0.485,,6554730496.0,36.34991455078125,180.0673007965088,22.1142053604126,,,,,,19.91422176361084,304.63194847106934,42.94980764389038,,,,,,10.853099822998049,190.06766080856323,33.81780385971069,,,,,,1.2024164199829102,179.9375057220459,24.00110960006714,,,,,,18.02694797515869,198.09424877166748,40.14115333557129
ResNet34_MixVPR_agg_0.00_sparsity_0.526_R1_0.916.ckpt,ResNet34_MixVPR,0.526,,6554730496.0,36.34991455078125,175.71415901184082,22.731351852416992,,,,,,18.32454204559326,302.6210904121399,40.63845872879028,,,,,,9.653687477111816,178.13290357589722,32.12580680847168,,,,,,1.1612176895141602,170.49959897994995,24.09919500350952,,,,,,16.658687591552734,192.37284660339355,39.39003944396973
ResNet34_MixVPR_agg_0.00_sparsity_0.565_R1_0.914.ckpt,ResNet34_MixVPR,0.565,,6554730496.0,36.34991455078125,160.05542278289795,21.301376819610596,,,,,,16.596651077270508,274.5995283126831,38.41468095779419,,,,,,8.802580833435059,168.7907099723816,30.006837844848633,,,,,,1.1085271835327148,160.64741611480713,22.346079349517822,,,,,,15.009260177612305,175.06468296051025,36.3106369972229
ResNet34_MixVPR_agg_0.00_sparsity_0.601_R1_0.910.ckpt,ResNet34_MixVPR,0.601,,6554730496.0,36.34991455078125,149.88110065460205,18.965041637420654,,,,,,14.886951446533203,271.62855863571167,34.26692485809326,,,,,,7.842969894409181,157.77474641799927,26.69050693511963,,,,,,0.915217399597168,151.22661590576172,19.42272186279297,,,,,,13.56515884399414,163.4462594985962,32.530200481414795
ResNet34_MixVPR_agg_0.00_sparsity_0.634_R1_0.902.ckpt,ResNet34_MixVPR,0.634,,6554730496.0,36.34991455078125,141.91462993621826,17.625105381011963,,,,,,13.34054470062256,236.5881085395813,31.315147876739506,,,,,,6.965541839599609,148.8147258758545,25.056827068328857,,,,,,0.8572816848754883,143.56034994125366,18.54766607284546,,,,,,12.049126625061035,153.9637565612793,29.674232006073
ResNet34_MixVPR_agg_0.00_sparsity_0.666_R1_0.894.ckpt,ResNet34_MixVPR,0.666,,6554730496.0,36.34991455078125,134.15194749832153,16.314470767974854,,,,,,12.11984157562256,255.68667650222775,32.02934265136719,,,,,,6.112432479858398,140.7534122467041,23.851287364959717,,,,,,0.687718391418457,135.557222366333,16.40756130218506,,,,,,10.553598403930664,144.7055459022522,26.86806917190552
ResNet34_MixVPR_agg_0.00_sparsity_0.677_R1_0.896.ckpt,ResNet34_MixVPR,0.677,,6554730496.0,36.34991455078125,132.28687047958374,16.452646255493164,,,,,,10.03117561340332,236.57684326171875,26.36127471923828,,,,,,5.508232116699219,136.14245653152466,21.54078483581543,,,,,,0.5643844604492188,131.607186794281,17.19067096710205,,,,,,9.080147743225098,141.36701822280884,25.53279399871826
ResNet34_MixVPR_agg_0.25_sparsity_0.064_R1_0.928.ckpt,ResNet34_MixVPR,0.064,,6554730496.0,36.34991455078125,279.66567277908325,33.937740325927734,,,,,,33.11178684234619,393.3939218521118,68.06737184524536,,,,,,17.40565299987793,298.2953190803528,51.3034462928772,,,,,,1.9773960113525388,281.74681663513184,38.223862648010254,,,,,,31.316423416137695,310.98209619522095,65.25416374206543
ResNet34_MixVPR_agg_0.25_sparsity_0.126_R1_0.930.ckpt,ResNet34_MixVPR,0.126,,6554730496.0,36.34991455078125,264.5444393157959,27.465355396270752,,,,,,31.300044059753414,371.23910188674927,57.92611837387085,,,,,,16.590094566345215,282.03015327453613,43.72060298919678,,,,,,1.874589920043945,267.12067127227783,29.004478454589844,,,,,,28.87632846832275,293.42076778411865,56.341683864593506
ResNet34_MixVPR_agg_0.25_sparsity_0.185_R1_0.929.ckpt,ResNet34_MixVPR,0.185,,6554730496.0,36.34991455078125,252.38521099090576,28.51395606994629,,,,,,29.837656021118164,357.46530294418335,58.55250358581543,,,,,,15.693354606628418,267.8821086883545,44.0875768661499,,,,,,1.8204212188720703,253.99062633514404,29.937243461608887,,,,,,27.09202766418457,279.47723865509033,55.60598373413086
ResNet34_MixVPR_agg_0.25_sparsity_0.241_R1_0.921.ckpt,ResNet34_MixVPR,0.241,,6554730496.0,36.34991455078125,239.93940353393555,25.666534900665283,,,,,,28.139972686767575,350.2021312713623,53.355348110198975,,,,,,14.868664741516112,252.57221460342407,40.63910245895386,,,,,,1.7471790313720703,239.1523003578186,27.38393545150757,,,,,,25.62541961669922,265.56482315063477,51.2919545173645
ResNet34_MixVPR_agg_0.25_sparsity_0.295_R1_0.928.ckpt,ResNet34_MixVPR,0.295,,6554730496.0,36.34991455078125,225.25207996368408,25.779008865356445,,,,,,26.466917991638184,350.3710627555847,52.88665294647217,,,,,,14.01684284210205,238.68539333343503,40.36456346511841,,,,,,1.644611358642578,227.01587677001953,27.76397466659546,,,,,,24.373888969421387,249.62596893310547,50.15289783477783
ResNet34_MixVPR_agg_0.25_sparsity_0.346_R1_0.926.ckpt,ResNet34_MixVPR,0.346,,6554730496.0,36.34991455078125,211.86156272888184,27.499854564666748,,,,,,24.763774871826172,311.37293577194214,51.89152956008911,,,,,,13.031673431396484,226.636803150177,40.24556875228882,,,,,,1.5295743942260742,213.89602422714233,28.04962396621704,,,,,,22.63853549957275,234.5000982284546,50.1383900642395
ResNet34_MixVPR_agg_0.25_sparsity_0.395_R1_0.923.ckpt,ResNet34_MixVPR,0.395,,6554730496.0,36.34991455078125,201.3381600379944,24.377810955047607,,,,,,23.115158081054688,317.19963550567627,48.41724634170532,,,,,,12.1551513671875,213.81099224090576,36.74490451812744,,,,,,1.440286636352539,203.1468629837036,27.01554298400879,,,,,,21.089625358581543,222.42778539657593,45.46743631362915
ResNet34_MixVPR_agg_0.25_sparsity_0.441_R1_0.921.ckpt,ResNet34_MixVPR,0.441,,6554730496.0,36.34991455078125,189.57371711730957,23.593509197235107,,,,,,21.49639129638672,315.40833711624146,44.80154514312744,,,,,,11.290907859802246,200.5455017089844,34.374988079071045,,,,,,1.1915922164916992,191.5209054946899,24.776995182037354,,,,,,19.674277305603027,209.2479944229126,43.267786502838135
ResNet34_MixVPR_agg_0.25_sparsity_0.485_R1_0.918.ckpt,ResNet34_MixVPR,0.485,,6554730496.0,36.34991455078125,178.9207935333252,22.642529010772705,,,,,,20.07157802581787,311.9737982749939,42.691636085510254,,,,,,10.401320457458496,189.55519199371335,32.46407508850098,,,,,,1.1108636856079102,180.50960302352905,23.659563064575195,,,,,,18.248319625854492,197.1691131591797,40.8908486366272
ResNet34_MixVPR_agg_0.25_sparsity_0.526_R1_0.919.ckpt,ResNet34_MixVPR,0.526,,6554730496.0,36.34991455078125,169.19337511062622,22.6812481880188,,,,,,18.196749687194824,300.5493998527527,40.67503213882446,,,,,,9.520888328552246,178.70073318481445,31.991958618164062,,,,,,1.088571548461914,169.9156403541565,23.214519023895264,,,,,,16.64421558380127,185.8375906944275,39.32546377182007
ResNet34_MixVPR_agg_0.25_sparsity_0.565_R1_0.920.ckpt,ResNet34_MixVPR,0.565,,6554730496.0,36.34991455078125,159.7426414489746,21.46275043487549,,,,,,16.550850868225098,276.58482789993286,38.65969181060791,,,,,,8.612298965454102,168.01084280014038,29.588890075683594,,,,,,0.9889125823974608,160.78535318374634,21.97641134262085,,,,,,15.203356742858888,174.9459981918335,36.666107177734375
ResNet34_MixVPR_agg_0.25_sparsity_0.601_R1_0.911.ckpt,ResNet34_MixVPR,0.601,,6554730496.0,36.34991455078125,156.20969533920288,18.45303773880005,,,,,,14.83163833618164,254.20475006103516,34.04040336608887,,,,,,7.801008224487305,157.69160985946655,26.95072889328003,,,,,,0.8952140808105469,151.250159740448,19.80363130569458,,,,,,13.494563102722168,169.70425844192505,31.947600841522217
ResNet34_MixVPR_agg_0.25_sparsity_0.634_R1_0.905.ckpt,ResNet34_MixVPR,0.634,,6554730496.0,36.34991455078125,141.96172952651978,17.91203022003174,,,,,,13.341069221496582,279.9259543418884,31.452298164367676,,,,,,7.334542274475098,148.97160530090332,25.374317169189453,,,,,,0.8494853973388672,142.24848747253418,18.60933303833008,,,,,,12.112951278686523,154.0746808052063,30.02498149871826
ResNet34_MixVPR_agg_0.25_sparsity_0.666_R1_0.901.ckpt,ResNet34_MixVPR,0.666,,6554730496.0,36.34991455078125,134.42391157150269,15.76874256134033,,,,,,11.641955375671388,237.2017741203308,27.79906988143921,,,,,,6.079912185668945,140.303373336792,22.22045660018921,,,,,,0.7004261016845703,134.64676141738892,17.31647253036499,,,,,,10.56056022644043,144.98447179794312,26.32930278778076
ResNet34_MixVPR_agg_0.25_sparsity_0.677_R1_0.900.ckpt,ResNet34_MixVPR,0.677,,6554730496.0,36.34991455078125,130.79882860183716,15.923345088958742,,,,,,10.025715827941896,222.0211386680603,26.276469230651855,,,,,,5.286860466003418,136.1567497253418,21.254777908325195,,,,,,0.5434513092041016,132.22543001174927,16.420555114746094,,,,,,9.201598167419434,140.0004267692566,25.124943256378177
ResNet34_MixVPR_agg_0.50_sparsity_0.064_R1_0.929.ckpt,ResNet34_MixVPR,0.064,,6554730496.0,36.34991455078125,279.57656383514404,34.91201400756836,,,,,,33.068108558654785,398.2867240905762,68.08140277862549,,,,,,17.60425567626953,297.8575110435486,51.63261890411377,,,,,,2.1339893341064453,281.81726932525635,36.730027198791504,,,,,,30.018115043640137,309.5946788787842,64.9301290512085
ResNet34_MixVPR_agg_0.50_sparsity_0.126_R1_0.929.ckpt,ResNet34_MixVPR,0.126,,6554730496.0,36.34991455078125,264.2902135848999,27.315032482147217,,,,,,31.469058990478512,372.9567289352417,58.74911546707153,,,,,,17.111802101135254,282.4681520462036,44.69712972640991,,,,,,1.9335508346557615,266.27219915390015,28.87808084487915,,,,,,28.624796867370605,292.9150104522705,55.93982934951782
ResNet34_MixVPR_agg_0.50_sparsity_0.185_R1_0.925.ckpt,ResNet34_MixVPR,0.185,,6554730496.0,36.34991455078125,251.56785249710083,28.5045862197876,,,,,,29.77464199066162,356.8488359451294,58.311474323272705,,,,,,15.624237060546877,266.9837713241577,44.06888484954834,,,,,,1.8145322799682615,253.9228558540344,30.81461191177368,,,,,,27.41420269012451,278.98205518722534,55.91878890991211
ResNet34_MixVPR_agg_0.50_sparsity_0.241_R1_0.926.ckpt,ResNet34_MixVPR,0.241,,6554730496.0,36.34991455078125,237.60923147201535,25.58368444442749,,,,,,28.191161155700684,360.00514030456543,54.13411855697632,,,,,,14.86363410949707,252.58387327194217,40.40008783340454,,,,,,1.6630887985229492,240.6222939491272,27.811646461486816,,,,,,25.51720142364502,263.1264328956604,51.10088586807251
ResNet34_MixVPR_agg_0.50_sparsity_0.295_R1_0.929.ckpt,ResNet34_MixVPR,0.295,,6554730496.0,36.34991455078125,224.9763011932373,25.668811798095703,,,,,,26.52912139892578,336.91511154174805,52.96357870101929,,,,,,13.885784149169922,238.84183168411255,39.84427452087402,,,,,,1.53656005859375,226.39625072479248,27.089011669158936,,,,,,24.074316024780273,249.0506172180176,49.74312782287598
ResNet34_MixVPR_agg_0.50_sparsity_0.346_R1_0.927.ckpt,ResNet34_MixVPR,0.346,,6554730496.0,36.34991455078125,212.5708818435669,26.672518253326416,,,,,,24.88882541656494,341.60289764404297,52.567243576049805,,,,,,13.0293607711792,225.2724647521973,39.61678743362427,,,,,,1.5366077423095703,213.6143684387207,28.28843593597412,,,,,,22.50947952270508,235.08036136627197,49.181997776031494
ResNet34_MixVPR_agg_0.50_sparsity_0.395_R1_0.921.ckpt,ResNet34_MixVPR,0.395,,6554730496.0,36.34991455078125,200.9285569190979,24.481892585754395,,,,,,23.21176528930664,304.8108220100403,48.87908697128296,,,,,,12.130045890808104,213.22972774505615,37.34015226364136,,,,,,1.4792442321777344,202.45914459228516,26.423001289367676,,,,,,21.142220497131348,222.07077741622925,45.62411308288574
ResNet34_MixVPR_agg_0.50_sparsity_0.441_R1_0.921.ckpt,ResNet34_MixVPR,0.441,,6554730496.0,36.34991455078125,189.55817222595215,23.40373992919922,,,,,,21.505451202392575,296.5150475502014,45.22559642791748,,,,,,11.302781105041504,199.93363618850708,34.59893465042114,,,,,,1.2049436569213867,190.1544451713562,25.018370151519775,,,,,,19.816231727600098,209.37440395355225,43.21997165679931
ResNet34_MixVPR_agg_0.50_sparsity_0.485_R1_0.918.ckpt,ResNet34_MixVPR,0.485,,6554730496.0,36.34991455078125,178.79047393798828,22.496449947357178,,,,,,19.770526885986328,301.91532373428345,42.37637519836426,,,,,,10.37139892578125,189.6848201751709,32.57359266281128,,,,,,1.4260053634643557,180.32516241073608,26.14654302597046,,,,,,18.155670166015625,196.9461441040039,40.6521201133728
ResNet34_MixVPR_agg_0.50_sparsity_0.526_R1_0.918.ckpt,ResNet34_MixVPR,0.526,,6554730496.0,36.34991455078125,169.4165587425232,22.13423252105713,,,,,,18.05734634399414,278.35408449172974,41.1234974861145,,,,,,9.63451862335205,179.52057123184204,31.80156946182251,,,,,,1.1582612991333008,177.06784009933472,26.713073253631592,,,,,,16.692519187927246,186.10907793045044,38.826751708984375
ResNet34_MixVPR_agg_0.50_sparsity_0.565_R1_0.916.ckpt,ResNet34_MixVPR,0.565,,6554730496.0,36.34991455078125,159.19835567474365,20.93125581741333,,,,,,16.802191734313965,285.6165885925293,38.45928907394409,,,,,,8.664488792419434,168.83360147476196,29.697835445404053,,,,,,1.0578155517578125,160.87093353271484,22.43591547012329,,,,,,15.356945991516112,174.55530166625977,36.28820180892944
ResNet34_MixVPR_agg_0.50_sparsity_0.601_R1_0.910.ckpt,ResNet34_MixVPR,0.601,,6554730496.0,36.34991455078125,151.8990159034729,18.70125532150269,,,,,,14.947080612182615,290.7325863838196,33.43299627304077,,,,,,7.801032066345215,158.25283527374268,26.362383365631104,,,,,,1.0080337524414062,151.11387968063354,19.564342498779297,,,,,,13.565659523010254,165.46467542648315,32.26691484451294
ResNet34_MixVPR_agg_0.50_sparsity_0.634_R1_0.905.ckpt,ResNet34_MixVPR,0.634,,6554730496.0,36.34991455078125,143.15340518951416,18.45729351043701,,,,,,13.796281814575195,249.30089712142944,31.812798976898193,,,,,,6.923937797546387,148.70848655700684,24.623775482177734,,,,,,0.9307384490966796,142.72128343582153,18.747127056121823,,,,,,12.11094856262207,155.26435375213623,30.56824207305908
ResNet34_MixVPR_agg_0.50_sparsity_0.666_R1_0.903.ckpt,ResNet34_MixVPR,0.666,,6554730496.0,36.34991455078125,134.10894870758057,15.832853317260742,,,,,,11.67309284210205,234.47790145874023,27.833056449890137,,,,,,6.055927276611328,139.96447324752808,21.8625545501709,,,,,,0.7628440856933594,135.40488481521606,16.59318208694458,,,,,,10.6093168258667,144.7182655334473,26.44217014312744
ResNet34_MixVPR_agg_0.50_sparsity_0.677_R1_0.902.ckpt,ResNet34_MixVPR,0.677,,6554730496.0,36.34991455078125,130.9256076812744,16.39230251312256,,,,,,10.03437042236328,209.6765398979187,26.160287857055664,,,,,,5.520105361938477,136.07650995254517,21.516084671020508,,,,,,0.7093191146850586,131.52318000793457,17.020797729492188,,,,,,9.122490882873535,140.04809856414795,25.514793395996097
ResNet34_MixVPR_agg_0.75_sparsity_0.064_R1_0.928.ckpt,ResNet34_MixVPR,0.064,,6554730496.0,36.34991455078125,280.10404109954834,33.968424797058105,,,,,,33.27023983001709,396.8954086303711,67.90878772735596,,,,,,17.554092407226562,298.2059597969055,53.4926176071167,,,,,,2.049899101257324,282.77926445007324,36.59107685089111,,,,,,30.45041561126709,310.55445671081543,64.4188404083252
ResNet34_MixVPR_agg_0.75_sparsity_0.126_R1_0.930.ckpt,ResNet34_MixVPR,0.126,,6554730496.0,36.34991455078125,267.379629611969,27.09641456604004,,,,,,31.48608207702637,370.81819772720337,58.429110050201416,,,,,,16.640925407409668,282.110595703125,43.03423166275024,,,,,,1.902174949645996,267.0677065849304,29.407191276550293,,,,,,28.647732734680176,296.02736234664917,55.744147300720215
ResNet34_MixVPR_agg_0.75_sparsity_0.185_R1_0.927.ckpt,ResNet34_MixVPR,0.185,,6554730496.0,36.34991455078125,252.146315574646,29.11221981048584,,,,,,30.096983909606937,360.8858585357666,58.034515380859375,,,,,,15.764904022216797,272.0917224884033,43.81294250488281,,,,,,1.8309354782104492,252.96208858489987,31.974244117736816,,,,,,26.98662281036377,279.13293838500977,56.09884262084961
ResNet34_MixVPR_agg_0.75_sparsity_0.241_R1_0.923.ckpt,ResNet34_MixVPR,0.241,,6554730496.0,36.34991455078125,237.94121742248535,26.040756702423096,,,,,,28.212928771972656,361.96476221084595,53.33950519561768,,,,,,14.858531951904297,253.0705451965332,41.359758377075195,,,,,,1.7268896102905271,240.1681900024414,29.244399070739743,,,,,,26.082587242126465,264.0238046646118,52.12334394454956
ResNet34_MixVPR_agg_0.75_sparsity_0.295_R1_0.926.ckpt,ResNet34_MixVPR,0.295,,6554730496.0,36.34991455078125,226.46961212158203,25.628602504730225,,,,,,26.59738063812256,338.9885187149048,53.7930965423584,,,,,,13.996005058288574,238.8628602027893,39.92639780044556,,,,,,1.5996217727661133,226.4410495758057,28.006470203399655,,,,,,24.03590679168701,250.50551891326904,49.66450929641723
ResNet34_MixVPR_agg_0.75_sparsity_0.346_R1_0.927.ckpt,ResNet34_MixVPR,0.346,,6554730496.0,36.34991455078125,212.18833923339844,26.923251152038578,,,,,,24.86250400543213,339.60551023483276,53.86625528335571,,,,,,13.221359252929688,225.58159828186035,41.97617769241333,,,,,,1.6217708587646484,215.8175230026245,28.96430492401123,,,,,,22.570323944091797,234.75866317749023,49.49357509613037
ResNet34_MixVPR_agg_0.75_sparsity_0.395_R1_0.923.ckpt,ResNet34_MixVPR,0.395,,6554730496.0,36.34991455078125,201.0831356048584,24.59005117416382,,,,,,23.179244995117188,322.8803753852844,47.650146484375,,,,,,12.33217716217041,213.19981813430783,38.50898742675781,,,,,,1.3705968856811523,202.05055475234985,25.736606121063232,,,,,,21.135425567626953,222.21856117248535,45.72547674179077
ResNet34_MixVPR_agg_0.75_sparsity_0.441_R1_0.920.ckpt,ResNet34_MixVPR,0.441,,6554730496.0,36.34991455078125,188.7951493263245,23.65013360977173,,,,,,21.542644500732425,291.64355993270874,45.02066373825073,,,,,,11.6257905960083,200.52412748336792,35.0710391998291,,,,,,1.3000011444091797,192.76801347732544,24.68177080154419,,,,,,19.727540016174316,208.5226893424988,43.377673625946045
ResNet34_MixVPR_agg_0.75_sparsity_0.485_R1_0.919.ckpt,ResNet34_MixVPR,0.485,,6554730496.0,36.34991455078125,180.37081956863403,22.55065441131592,,,,,,19.911575317382812,292.2375679016113,42.652881145477295,,,,,,10.865426063537598,190.61588048934937,33.566129207611084,,,,,,1.1353731155395508,180.23771047592163,23.692572116851807,,,,,,18.028664588928223,198.39948415756223,40.57931900024414
ResNet34_MixVPR_agg_0.75_sparsity_0.526_R1_0.920.ckpt,ResNet34_MixVPR,0.526,,6554730496.0,36.34991455078125,168.82871389389038,22.614610195159912,,,,,,18.338418006896973,269.8407530784607,40.73754549026489,,,,,,9.506535530090332,178.31661701202393,33.07678699493408,,,,,,1.0818243026733398,170.23372650146484,23.113012313842773,,,,,,16.56820774078369,185.39692163467407,39.1828179359436
ResNet34_MixVPR_agg_0.75_sparsity_0.565_R1_0.916.ckpt,ResNet34_MixVPR,0.565,,6554730496.0,36.34991455078125,159.63199138641355,21.525585651397705,,,,,,16.553211212158203,275.86880922317505,38.343679904937744,,,,,,8.731245994567871,168.6854600906372,29.671752452850345,,,,,,0.9731292724609376,159.75972414016724,23.73640537261963,,,,,,14.946484565734863,174.57847595214844,36.47207021713257
ResNet34_MixVPR_agg_0.75_sparsity_0.601_R1_0.911.ckpt,ResNet34_MixVPR,0.601,,6554730496.0,36.34991455078125,149.84885454177856,18.547093868255615,,,,,,14.855217933654783,260.31174659729004,34.18905735015869,,,,,,7.96506404876709,159.0741991996765,27.335405349731445,,,,,,0.9061336517333984,150.6190538406372,19.453752040863037,,,,,,13.51633071899414,163.3651852607727,32.063424587249756
ResNet34_MixVPR_agg_0.75_sparsity_0.634_R1_0.909.ckpt,ResNet34_MixVPR,0.634,,6554730496.0,36.34991455078125,142.36667156219482,17.996633052825928,,,,,,13.25368881225586,247.7021336555481,31.385481357574463,,,,,,6.908917427062988,148.98046255111694,24.279236793518063,,,,,,0.742793083190918,142.4466371536255,18.700528144836422,,,,,,12.174057960510254,154.54072952270508,30.17069101333618
ResNet34_MixVPR_agg_0.75_sparsity_0.666_R1_0.900.ckpt,ResNet34_MixVPR,0.666,,6554730496.0,36.34991455078125,134.95182991027832,16.74504280090332,,,,,,11.768674850463867,229.7728896141052,28.03993225097656,,,,,,6.048464775085449,140.3497576713562,22.730624675750732,,,,,,0.719451904296875,134.89257097244263,16.658329963684082,,,,,,10.856318473815918,145.80814838409424,27.60136127471924
ResNet34_MixVPR_agg_0.75_sparsity_0.677_R1_0.900.ckpt,ResNet34_MixVPR,0.677,,6554730496.0,36.34991455078125,131.6277265548706,16.313445568084717,,,,,,10.02638339996338,229.5607328414917,26.523923873901367,,,,,,5.5458784103393555,136.76272630691528,21.523010730743408,,,,,,0.6098031997680664,131.73320293426514,18.867015838623047,,,,,,9.096097946166992,140.7238245010376,25.40954351425171
ResNet34_GeM_agg_0.00_sparsity_0.076_R1_0.914.ckpt,ResNet34_GeM,0.076,,7510196224.0,85.20239639282227,325.75700283050537,43.298375606536865,,,,,,16.350889205932617,340.9199595451355,60.42959690093994,,,,,,8.9463472366333,332.091224193573,52.51349210739136,,,,,,0.9218931198120116,325.5941867828369,44.43976879119873,,,,,,14.72930908203125,340.4863119125366,58.027684688568115
ResNet34_GeM_agg_0.00_sparsity_0.149_R1_0.907.ckpt,ResNet34_GeM,0.149,,7510196224.0,85.20239639282227,307.7997326850891,35.614752769470215,,,,,,15.35177230834961,384.73498821258545,51.20830535888672,,,,,,8.000540733337402,311.6822600364685,44.37919855117798,,,,,,0.9085655212402344,306.09596967697144,36.36809587478638,,,,,,14.00909423828125,321.80882692337036,49.623847007751465
ResNet34_GeM_agg_0.00_sparsity_0.219_R1_0.909.ckpt,ResNet34_GeM,0.219,,7510196224.0,85.20239639282227,289.20862674713135,35.46520471572876,,,,,,14.536857604980469,366.6091918945313,49.53634738922119,,,,,,7.576847076416016,296.6959595680237,42.55468845367432,,,,,,1.0605096817016602,289.89529609680176,36.01003885269165,,,,,,13.124895095825195,302.33352184295654,48.590099811553955
ResNet34_GeM_agg_0.00_sparsity_0.286_R1_0.905.ckpt,ResNet34_GeM,0.286,,7510196224.0,85.20239639282227,271.5098977088928,33.71241092681885,,,,,,13.61236572265625,348.7309694290161,47.541749477386475,,,,,,7.568430900573731,278.0146598815918,42.16858148574829,,,,,,0.9706735610961914,271.72632217407227,37.003886699676514,,,,,,12.521028518676758,284.0309262275696,46.233439445495605
ResNet34_GeM_agg_0.00_sparsity_0.350_R1_0.907.ckpt,ResNet34_GeM,0.35,,7510196224.0,85.20239639282227,254.08835411071777,33.64861011505127,,,,,,12.79122829437256,338.5728359222412,46.82512283325195,,,,,,6.793403625488281,260.1809024810791,39.95183706283569,,,,,,1.1161565780639648,254.00007963180545,34.23565626144409,,,,,,11.582565307617188,265.67091941833496,45.23117542266846
ResNet34_GeM_agg_0.00_sparsity_0.411_R1_0.904.ckpt,ResNet34_GeM,0.411,,7510196224.0,85.20239639282227,238.35573196411133,33.70811939239502,,,,,,12.04845905303955,323.81343841552734,46.064960956573486,,,,,,6.488752365112305,246.87788486480713,40.28037786483765,,,,,,0.7028818130493164,239.2494440078735,34.69730615615845,,,,,,10.79244613647461,249.1481781005859,44.50056552886963
ResNet34_GeM_agg_0.00_sparsity_0.469_R1_0.903.ckpt,ResNet34_GeM,0.469,,7510196224.0,85.20239639282227,223.58920574188232,30.55669069290161,,,,,,11.057567596435549,310.5961203575134,41.663384437561035,,,,,,5.858039855957031,229.91747856140137,36.53353452682495,,,,,,0.8395671844482422,225.0171184539795,31.17889165878296,,,,,,10.028982162475586,233.6181879043579,40.5856728553772
ResNet34_GeM_agg_0.00_sparsity_0.522_R1_0.893.ckpt,ResNet34_GeM,0.522,,7510196224.0,85.20239639282227,209.6311926841736,29.353082180023193,,,,,,10.234951972961426,327.9078245162964,39.956462383270264,,,,,,5.227065086364746,214.44103717803955,37.60547637939453,,,,,,0.7281780242919922,210.58803796768188,30.212807655334473,,,,,,9.193229675292969,218.82442235946655,38.54631185531616
ResNet34_GeM_agg_0.00_sparsity_0.574_R1_0.890.ckpt,ResNet34_GeM,0.574,,7510196224.0,85.20239639282227,197.63448238372803,27.425897121429443,,,,,,9.354424476623535,323.9430904388428,37.32658624649048,,,,,,5.141854286193848,202.38999128341675,32.861363887786865,,,,,,0.6651401519775391,198.3757734298706,28.245091438293457,,,,,,8.451604843139648,206.08608722686768,35.87750196456909
ResNet34_GeM_agg_0.00_sparsity_0.623_R1_0.883.ckpt,ResNet34_GeM,0.623,,7510196224.0,85.20239639282227,184.9044680595398,26.484811305999756,,,,,,8.800840377807617,307.581102848053,35.81197261810303,,,,,,4.667925834655762,189.28067684173584,30.95935583114624,,,,,,0.6385087966918945,185.27019023895264,27.21877098083496,,,,,,7.720494270324707,192.6249623298645,34.20530557632446
ResNet34_GeM_agg_0.00_sparsity_0.669_R1_0.874.ckpt,ResNet34_GeM,0.669,,7510196224.0,85.20239639282227,172.422194480896,24.866855144500732,,,,,,7.575535774230957,306.20551109313965,32.21172094345093,,,,,,4.04515266418457,176.4777660369873,28.862476348876953,,,,,,0.5423784255981445,172.56944179534912,28.14486026763916,,,,,,6.975889205932617,179.3980836868286,31.84274435043335
ResNet34_GeM_agg_0.00_sparsity_0.711_R1_0.866.ckpt,ResNet34_GeM,0.711,,7510196224.0,85.20239639282227,160.5721116065979,22.70345687866211,,,,,,6.848049163818359,268.6835765838623,29.20048236846924,,,,,,4.374265670776367,164.7700548171997,26.270711421966553,,,,,,0.4930496215820312,162.08808422088623,22.516953945159912,,,,,,6.4469099044799805,167.01902151107788,29.15036678314209
ResNet34_GeM_agg_0.00_sparsity_0.751_R1_0.858.ckpt,ResNet34_GeM,0.751,,7510196224.0,85.20239639282227,151.36053562164307,20.59626579284668,,,,,,5.960202217102051,241.96650981903076,26.007866859436035,,,,,,2.9884815216064453,153.9522886276245,23.61137866973877,,,,,,0.4348516464233398,150.79013109207153,23.007702827453613,,,,,,5.569934844970703,156.93047046661377,26.166200637817383
ResNet34_GeM_agg_0.00_sparsity_0.788_R1_0.850.ckpt,ResNet34_GeM,0.788,,7510196224.0,85.20239639282227,145.50234079360962,18.824398517608643,,,,,,5.058407783508301,239.51224088668823,24.489033222198486,,,,,,2.702498435974121,143.9134120941162,21.146667003631592,,,,,,0.3674745559692383,140.85129499435425,19.471275806427,,,,,,4.513406753540039,150.01574754714966,23.33780527114868
ResNet34_GeM_agg_0.00_sparsity_0.803_R1_0.848.ckpt,ResNet34_GeM,0.803,,7510196224.0,85.20239639282227,136.6513967514038,17.92614459991455,,,,,,4.311633110046387,240.3095841407776,22.092247009277344,,,,,,2.4518728256225586,139.38006162643433,20.74671983718872,,,,,,0.2900123596191406,137.32675313949585,18.06640625,,,,,,3.954863548278809,140.60626029968262,21.88100814819336
ResNet34_GeM_agg_0.25_sparsity_0.076_R1_0.915.ckpt,ResNet34_GeM,0.076,,7510196224.0,85.20239639282227,324.51666593551636,44.10066604614258,,,,,,16.913819313049316,387.0064854621887,62.43319511413574,,,,,,8.489131927490234,331.66297674179077,52.9460072517395,,,,,,0.99639892578125,324.60747957229614,44.53868865966797,,,,,,14.812493324279783,339.32915925979614,58.91315937042236
ResNet34_GeM_agg_0.25_sparsity_0.149_R1_0.912.ckpt,ResNet34_GeM,0.149,,7510196224.0,85.20239639282227,305.46791553497314,36.81901693344116,,,,,,15.40203094482422,387.81641721725464,52.69519090652466,,,,,,8.079910278320312,313.20725679397583,45.297980308532715,,,,,,1.0643720626831057,306.94971084594727,38.33968639373779,,,,,,14.00458812713623,319.4725036621094,50.82360506057739
ResNet34_GeM_agg_0.25_sparsity_0.219_R1_0.912.ckpt,ResNet34_GeM,0.219,,7510196224.0,85.20239639282227,287.652325630188,36.579203605651855,,,,,,14.869046211242676,376.7704844474793,52.30895280838013,,,,,,7.584500312805176,295.57405710220337,42.67631769180298,,,,,,2.0019054412841797,289.9759531021118,36.993229389190674,,,,,,13.38813304901123,301.0404586791992,49.967336654663086
ResNet34_GeM_agg_0.25_sparsity_0.286_R1_0.909.ckpt,ResNet34_GeM,0.286,,7510196224.0,85.20239639282227,270.49251794815063,34.91816520690918,,,,,,13.752222061157228,350.7079601287842,47.76806831359863,,,,,,7.049775123596191,276.5486240386963,41.98335409164429,,,,,,0.8672237396240234,270.7729935646057,37.03125715255737,,,,,,12.428855895996094,282.92137384414673,47.34702110290527
ResNet34_GeM_agg_0.25_sparsity_0.350_R1_0.902.ckpt,ResNet34_GeM,0.35,,7510196224.0,85.20239639282227,253.96872758865356,33.76249074935913,,,,,,13.123416900634766,350.50147771835327,46.792805194854736,,,,,,6.8642377853393555,260.545289516449,40.58881998062134,,,,,,0.9691953659057616,255.99757432937625,36.554133892059326,,,,,,11.66245937347412,265.6311869621277,45.42495012283325
ResNet34_GeM_agg_0.25_sparsity_0.411_R1_0.908.ckpt,ResNet34_GeM,0.411,,7510196224.0,85.20239639282227,238.98414373397827,34.44696664810181,,,,,,12.062525749206545,339.7176265716553,45.8556056022644,,,,,,6.655383110046387,245.37794589996335,40.72699546813965,,,,,,0.8615732192993164,240.2735948562622,34.81600284576416,,,,,,10.753917694091797,249.73806142807007,45.2008843421936
ResNet34_GeM_agg_0.25_sparsity_0.469_R1_0.899.ckpt,ResNet34_GeM,0.469,,7510196224.0,85.20239639282227,223.99672269821167,30.52682876586914,,,,,,11.15710735321045,322.69238233566284,42.86893606185913,,,,,,6.041169166564941,229.58474159240723,37.17879056930542,,,,,,0.795745849609375,224.56566095352173,31.65515661239624,,,,,,10.00068187713623,233.9974045753479,40.52751064300537
ResNet34_GeM_agg_0.25_sparsity_0.522_R1_0.892.ckpt,ResNet34_GeM,0.522,,7510196224.0,85.20239639282227,209.22805070877075,29.643166065216064,,,,,,10.126090049743652,300.8954644203186,39.46009874343872,,,,,,5.607271194458008,214.9134397506714,35.288333892822266,,,,,,0.7300138473510742,209.36909914016724,30.98540306091309,,,,,,9.191274642944336,218.4193253517151,38.8344407081604
ResNet34_GeM_agg_0.25_sparsity_0.574_R1_0.888.ckpt,ResNet34_GeM,0.574,,7510196224.0,85.20239639282227,196.76353931427,27.588415145874023,,,,,,9.417366981506348,290.5689239501953,37.447988986968994,,,,,,5.139708518981934,202.2216796875,32.64516592025757,,,,,,0.646519660949707,196.72931432724,28.45127582550049,,,,,,8.637666702270508,205.40120601654053,36.22608184814453
ResNet34_GeM_agg_0.25_sparsity_0.623_R1_0.882.ckpt,ResNet34_GeM,0.623,,7510196224.0,85.20239639282227,183.37410688400269,26.5336275100708,,,,,,8.43801498413086,278.52245569229126,34.831202030181885,,,,,,4.380130767822266,187.93933391571045,31.241166591644287,,,,,,0.6331443786621094,184.5417857170105,27.019596099853516,,,,,,7.781100273132324,191.155207157135,34.314727783203125
ResNet34_GeM_agg_0.25_sparsity_0.669_R1_0.873.ckpt,ResNet34_GeM,0.669,,7510196224.0,85.20239639282227,172.76344299316406,25.31411647796631,,,,,,7.6145172119140625,289.4861936569214,33.29775333404541,,,,,,3.9649486541748047,175.76613426208496,29.059743881225582,,,,,,0.5519390106201172,173.61810207366943,25.383079051971436,,,,,,6.919384002685547,179.6828269958496,32.233500480651855
ResNet34_GeM_agg_0.25_sparsity_0.711_R1_0.866.ckpt,ResNet34_GeM,0.711,,7510196224.0,85.20239639282227,161.36974096298218,22.041726112365723,,,,,,6.822347640991211,281.30669593811035,28.8582444190979,,,,,,3.461146354675293,164.2172336578369,25.980091094970703,,,,,,0.5031347274780273,161.6657257080078,23.15298318862915,,,,,,6.075024604797363,167.44476556777954,28.11675071716309
ResNet34_GeM_agg_0.25_sparsity_0.751_R1_0.856.ckpt,ResNet34_GeM,0.751,,7510196224.0,85.20239639282227,150.68316459655762,20.392680168151855,,,,,,5.965137481689453,253.8352608680725,26.093292236328125,,,,,,3.1201601028442383,154.31044101715088,23.03600311279297,,,,,,0.4744768142700195,151.05066299438477,20.914459228515625,,,,,,5.613613128662109,156.29677772521973,26.006293296813965
ResNet34_GeM_agg_0.25_sparsity_0.788_R1_0.845.ckpt,ResNet34_GeM,0.788,,7510196224.0,85.20239639282227,140.7878041267395,18.3158278465271,,,,,,5.010056495666504,240.90886116027832,23.8791823387146,,,,,,2.6135921478271484,144.07223463058472,21.518051624298096,,,,,,0.4023075103759765,141.19597673416138,18.8226580619812,,,,,,4.87980842590332,145.66761255264282,23.19563627243042
ResNet34_GeM_agg_0.25_sparsity_0.803_R1_0.844.ckpt,ResNet34_GeM,0.803,,7510196224.0,85.20239639282227,137.75516748428345,17.763960361480713,,,,,,4.134917259216309,234.6661925315857,22.784650325775143,,,,,,2.1138906478881836,139.9731993675232,20.243704319000244,,,,,,0.3262281417846679,137.21579313278198,18.445849418640137,,,,,,3.804349899291992,141.55951738357544,21.568310260772705
ResNet34_GeM_agg_0.50_sparsity_0.076_R1_0.915.ckpt,ResNet34_GeM,0.076,,7510196224.0,85.20239639282227,322.72167205810547,44.97342109680176,,,,,,16.227173805236816,381.367564201355,63.97944688796997,,,,,,8.641433715820312,333.0409646034241,54.37701940536499,,,,,,1.1158943176269531,324.357008934021,46.93347215652466,,,,,,14.957380294799805,337.6790523529053,59.93080139160156
ResNet34_GeM_agg_0.50_sparsity_0.149_R1_0.911.ckpt,ResNet34_GeM,0.149,,7510196224.0,85.20239639282227,305.05183935165405,36.94580793380737,,,,,,15.426135063171388,379.9287676811218,53.111350536346436,,,,,,8.042573928833008,312.46849298477173,45.16102075576782,,,,,,1.0253190994262695,306.8579077720642,38.30043077468872,,,,,,14.25786018371582,319.3096995353699,51.20366811752319
ResNet34_GeM_agg_0.50_sparsity_0.219_R1_0.911.ckpt,ResNet34_GeM,0.219,,7510196224.0,85.20239639282227,287.6175045967102,35.57823896408081,,,,,,14.73402976989746,355.627703666687,51.14574432373047,,,,,,7.715177536010742,296.3705539703369,42.79680252075195,,,,,,1.0210514068603516,290.1223659515381,39.53591585159302,,,,,,13.27078342437744,300.88828802108765,48.84902238845825
ResNet34_GeM_agg_0.50_sparsity_0.286_R1_0.907.ckpt,ResNet34_GeM,0.286,,7510196224.0,85.20239639282227,271.49521112442017,34.081244468688965,,,,,,13.720941543579102,351.3740539550781,48.82380962371826,,,,,,7.204556465148926,278.5574436187744,41.75769090652466,,,,,,0.9853839874267578,272.5006103515625,35.4636549949646,,,,,,12.572598457336426,284.0678095817566,46.65384292602539
ResNet34_GeM_agg_0.50_sparsity_0.350_R1_0.907.ckpt,ResNet34_GeM,0.35,,7510196224.0,85.20239639282227,254.2132019996643,33.94879102706909,,,,,,12.881898880004885,330.53144216537476,46.57039642333984,,,,,,6.860518455505371,260.09639501571655,40.48110246658325,,,,,,0.874781608581543,255.01412153244016,34.429025650024414,,,,,,11.552095413208008,265.7652974128723,45.5008864402771
ResNet34_GeM_agg_0.50_sparsity_0.411_R1_0.907.ckpt,ResNet34_GeM,0.411,,7510196224.0,85.20239639282227,239.4924283027649,33.98669958114624,,,,,,11.984729766845703,336.142635345459,47.00629711151123,,,,,,6.666731834411621,245.46877145767212,41.09009504318237,,,,,,0.8005857467651367,240.97914695739743,35.68260669708252,,,,,,10.810422897338867,250.30285120010376,44.79712247848511
ResNet34_GeM_agg_0.50_sparsity_0.469_R1_0.899.ckpt,ResNet34_GeM,0.469,,7510196224.0,85.20239639282227,225.15259981155396,31.029927730560303,,,,,,11.058354377746582,325.81530809402466,41.7500376701355,,,,,,5.71897029876709,230.29887676239017,36.37416362762451,,,,,,0.7893562316894531,225.66925287246704,31.996071338653564,,,,,,10.155487060546877,235.30808687210083,41.18541479110718
ResNet34_GeM_agg_0.50_sparsity_0.522_R1_0.892.ckpt,ResNet34_GeM,0.522,,7510196224.0,85.20239639282227,210.51018238067627,29.5518159866333,,,,,,10.2447509765625,309.2345356941223,40.102219581604,,,,,,5.254125595092773,214.99106884002688,35.50536632537842,,,,,,0.7169008255004883,211.49626970291135,29.809224605560303,,,,,,9.34305191040039,219.85323429107663,38.89486789703369
ResNet34_GeM_agg_0.50_sparsity_0.574_R1_0.885.ckpt,ResNet34_GeM,0.574,,7510196224.0,85.20239639282227,196.61033153533936,28.38876247406006,,,,,,9.538555145263672,302.2631764411926,37.78038024902344,,,,,,4.878520965576172,202.0878314971924,32.30537176132202,,,,,,0.6802558898925781,198.3375072479248,28.496205806732178,,,,,,8.462786674499512,205.07311820983887,36.85154914855957
ResNet34_GeM_agg_0.50_sparsity_0.623_R1_0.881.ckpt,ResNet34_GeM,0.623,,7510196224.0,85.20239639282227,183.52943658828735,26.67102813720703,,,,,,8.90655517578125,294.9421286582947,35.33977270126343,,,,,,4.358315467834473,188.32106590270996,31.408488750457764,,,,,,0.5877017974853516,185.2178931236267,27.226173877716064,,,,,,7.686257362365723,191.21569395065308,34.357285499572754
ResNet34_GeM_agg_0.50_sparsity_0.669_R1_0.877.ckpt,ResNet34_GeM,0.669,,7510196224.0,85.20239639282227,172.56135940551758,25.339198112487793,,,,,,7.713437080383301,271.18297815322876,33.719635009765625,,,,,,4.328489303588867,176.8305778503418,29.985666275024418,,,,,,0.5467891693115234,173.32240343093872,26.120376586914062,,,,,,6.908059120178223,179.4694185256958,32.247257232666016
ResNet34_GeM_agg_0.50_sparsity_0.711_R1_0.864.ckpt,ResNet34_GeM,0.711,,7510196224.0,85.20239639282227,163.1047010421753,22.30161428451538,,,,,,6.815147399902344,271.02028131484985,29.325079917907715,,,,,,3.4579038619995117,165.3988003730774,26.15835666656494,,,,,,0.510859489440918,161.22077703475952,22.91133403778076,,,,,,6.190085411071777,169.29478645324707,28.49169969558716
ResNet34_GeM_agg_0.50_sparsity_0.751_R1_0.855.ckpt,ResNet34_GeM,0.751,,7510196224.0,85.20239639282227,150.96182823181152,20.469212532043457,,,,,,5.81364631652832,231.19617700576785,27.02881097793579,,,,,,3.058171272277832,153.63125801086426,25.009119510650635,,,,,,0.4429817199707031,151.18408203125,21.241140365600582,,,,,,5.2520751953125,156.21390342712402,25.721287727355957
ResNet34_GeM_agg_0.50_sparsity_0.788_R1_0.846.ckpt,ResNet34_GeM,0.788,,7510196224.0,85.20239639282227,140.9855842590332,18.507134914398193,,,,,,5.312132835388184,235.9797835350037,24.15320873260498,,,,,,2.546525001525879,143.24294328689575,21.13919258117676,,,,,,0.3616571426391601,141.4101481437683,18.734419345855713,,,,,,4.528713226318359,145.51429748535156,23.035848140716553
ResNet34_GeM_agg_0.50_sparsity_0.803_R1_0.841.ckpt,ResNet34_GeM,0.803,,7510196224.0,85.20239639282227,136.9244933128357,17.811667919158936,,,,,,4.185223579406738,247.8655576705933,22.51578569412231,,,,,,2.079463005065918,139.94529247283936,20.170915126800537,,,,,,0.2827644348144531,138.14034461975098,19.526636600494385,,,,,,3.744053840637207,140.6685471534729,21.555721759796143
ResNet34_GeM_agg_0.75_sparsity_0.076_R1_0.915.ckpt,ResNet34_GeM,0.076,,7510196224.0,85.20239639282227,323.96847009658813,44.477248191833496,,,,,,16.23690128326416,393.59384775161743,61.75259351730347,,,,,,8.599662780761719,331.7044258117676,52.735137939453125,,,,,,1.1261940002441406,324.7146010398865,44.696855545043945,,,,,,14.722204208374023,338.69067430496216,59.19945240020752
ResNet34_GeM_agg_0.75_sparsity_0.149_R1_0.912.ckpt,ResNet34_GeM,0.149,,7510196224.0,85.20239639282227,308.24575424194336,37.07796335220337,,,,,,15.50915241241455,368.3462738990784,53.17673683166504,,,,,,8.043861389160156,312.77631521224976,44.964778423309326,,,,,,1.0290861129760742,309.024715423584,39.96260166168213,,,,,,13.967657089233398,322.21341133117676,51.04562044143677
ResNet34_GeM_agg_0.75_sparsity_0.219_R1_0.912.ckpt,ResNet34_GeM,0.219,,7510196224.0,85.20239639282227,288.4986996650696,35.90536117553711,,,,,,14.5005464553833,358.12631845474243,50.153982639312744,,,,,,7.573461532592773,294.81916427612305,43.65358352661133,,,,,,1.0120153427124023,289.54261541366577,36.494648456573486,,,,,,13.28575611114502,301.7844557762146,49.19111728668213
ResNet34_GeM_agg_0.75_sparsity_0.286_R1_0.913.ckpt,ResNet34_GeM,0.286,,7510196224.0,85.20239639282227,269.95924711227417,34.12458896636963,,,,,,13.692116737365724,347.8781461715698,47.71862030029297,,,,,,7.076358795166016,277.25162506103516,40.424132347106934,,,,,,2.0934343338012695,273.2956528663635,36.10670566558838,,,,,,12.4129056930542,282.37215280532837,46.53749465942383
ResNet34_GeM_agg_0.75_sparsity_0.350_R1_0.907.ckpt,ResNet34_GeM,0.35,,7510196224.0,85.20239639282227,253.9729833602905,33.9429497718811,,,,,,12.91346549987793,349.9359130859375,47.334396839141846,,,,,,6.628227233886719,260.75499057769775,42.578840255737305,,,,,,0.9072542190551758,255.03215789794925,34.622323513031006,,,,,,11.601018905639648,265.5740022659302,45.54396867752075
ResNet34_GeM_agg_0.75_sparsity_0.411_R1_0.907.ckpt,ResNet34_GeM,0.411,,7510196224.0,85.20239639282227,238.40621709823608,34.39222574234009,,,,,,12.040948867797852,322.8068232536316,46.80372476577759,,,,,,6.56275749206543,245.38156986236572,41.04785919189453,,,,,,0.8500576019287109,239.24474716186523,35.250651836395264,,,,,,10.965657234191896,249.371874332428,45.35788297653198
ResNet34_GeM_agg_0.75_sparsity_0.469_R1_0.901.ckpt,ResNet34_GeM,0.469,,7510196224.0,85.20239639282227,224.59691762924191,30.79817295074463,,,,,,11.236119270324709,332.44858980178833,41.799116134643555,,,,,,5.705738067626953,229.60420846939087,36.56743764877319,,,,,,0.7981300354003906,225.09233951568604,31.615066528320312,,,,,,10.104966163635254,234.7018837928772,40.90313911437988
ResNet34_GeM_agg_0.75_sparsity_0.522_R1_0.894.ckpt,ResNet34_GeM,0.522,,7510196224.0,85.20239639282227,210.4443907737732,30.013835430145264,,,,,,10.17916202545166,308.670437335968,40.186476707458496,,,,,,5.378937721252441,215.40234088897705,34.68210697174072,,,,,,0.7777214050292969,210.5102300643921,30.458509922027588,,,,,,9.266066551208496,219.7104573249817,39.27990198135376
ResNet34_GeM_agg_0.75_sparsity_0.574_R1_0.892.ckpt,ResNet34_GeM,0.574,,7510196224.0,85.20239639282227,197.0814347267151,27.5215744972229,,,,,,9.462928771972656,289.9171829223633,37.76276111602783,,,,,,4.796695709228516,202.78432369232175,33.02583694458008,,,,,,0.6457805633544922,207.0722460746765,28.57496738433838,,,,,,8.48398208618164,205.56541681289673,36.00555658340454
ResNet34_GeM_agg_0.75_sparsity_0.623_R1_0.888.ckpt,ResNet34_GeM,0.623,,7510196224.0,85.20239639282227,183.82891416549683,26.76212787628174,,,,,,8.566761016845703,300.357985496521,35.28317213058472,,,,,,4.359555244445801,188.6351466178894,31.99617862701416,,,,,,0.6936550140380859,184.03390645980835,27.810871601104736,,,,,,7.673740386962891,191.50265455245972,34.43586826324463
ResNet34_GeM_agg_0.75_sparsity_0.669_R1_0.877.ckpt,ResNet34_GeM,0.669,,7510196224.0,85.20239639282227,172.77989387512207,25.087249279022217,,,,,,8.05671215057373,278.8517236709595,33.33759307861328,,,,,,4.071617126464844,176.60187482833862,29.08186912536621,,,,,,0.5288839340209961,174.69502687454224,25.38414001464844,,,,,,6.96864128112793,179.74853515625,32.05589056015015
ResNet34_GeM_agg_0.75_sparsity_0.711_R1_0.867.ckpt,ResNet34_GeM,0.711,,7510196224.0,85.20239639282227,160.00289916992188,22.280561923980713,,,,,,6.76419734954834,284.38074588775635,30.295872688293457,,,,,,3.453373908996582,163.72517347335815,25.595581531524655,,,,,,0.4823207855224609,160.79330444335938,22.49387502670288,,,,,,6.099414825439453,166.10231399536133,28.37997674942017
ResNet34_GeM_agg_0.75_sparsity_0.751_R1_0.855.ckpt,ResNet34_GeM,0.751,,7510196224.0,85.20239639282227,150.76494216918945,20.906472206115723,,,,,,5.9630632400512695,279.9345135688782,27.72383689880371,,,,,,2.9943227767944336,154.69247102737427,23.585116863250732,,,,,,0.4320383071899414,151.56989097595215,20.7381010055542,,,,,,5.3040266036987305,156.06896877288818,26.210498809814453
ResNet34_GeM_agg_0.75_sparsity_0.788_R1_0.849.ckpt,ResNet34_GeM,0.788,,7510196224.0,85.20239639282227,140.82326889038086,20.241034030914307,,,,,,5.071401596069336,265.06571769714355,23.489344120025635,,,,,,2.550745010375977,144.43567991256714,20.9763765335083,,,,,,0.3625154495239258,141.57373905181885,18.7305212020874,,,,,,4.489564895629883,145.31283378601074,24.73059892654419
ResNet34_GeM_agg_0.75_sparsity_0.803_R1_0.845.ckpt,ResNet34_GeM,0.803,,7510196224.0,85.20239639282227,137.42510080337524,18.0652379989624,,,,,,4.141402244567871,253.8021445274353,22.714388370513916,,,,,,2.106642723083496,141.57205820083618,20.302045345306396,,,,,,0.2705574035644531,138.4599804878235,18.19164752960205,,,,,,3.7099123001098633,141.1350131034851,21.775150299072266
ResNet34_ConvAP_agg_0.00_sparsity_0.076_R1_0.925.ckpt,ResNet34_ConvAP,0.076,,7561830400.0,83.198486328125,325.2333164215088,43.75971555709839,,,,,,33.135437965393066,357.6804518699646,77.30324268341064,,,,,,17.360901832580566,342.1073913574219,61.02888584136963,,,,,,1.7389297485351562,325.37007331848145,45.14615535736084,,,,,,30.138587951660156,355.37190437316895,73.89830350875854
ResNet34_NetVLAD_agg_0.00_sparsity_0.074_R1_0.928.ckpt,ResNet34_NetVLAD,0.074,,6213452800.0,31.354736328125,270.63530683517456,37.59136199951172,,,,,,64.64531421661377,342.6718831062317,102.73910760879517,,,,,,34.27162170410156,306.8656325340271,72.71995544433594,,,,,,4.000043869018555,274.6353507041931,41.59140586853027,,,,,,58.70921611785889,330.7514786720276,96.84197902679443
ResNet34_NetVLAD_agg_0.00_sparsity_0.145_R1_0.930.ckpt,ResNet34_NetVLAD,0.145,,6213452800.0,31.354736328125,257.0788383483887,29.858410358428955,,,,,,61.322832107543945,385.4840874671936,92.0235514640808,,,,,,32.40969181060791,361.4363312721253,63.5101318359375,,,,,,3.9982557296752934,261.07709407806396,33.85666608810425,,,,,,55.73856830596924,313.0453109741211,86.60949468612671
ResNet34_NetVLAD_agg_0.00_sparsity_0.213_R1_0.927.ckpt,ResNet34_NetVLAD,0.213,,6213452800.0,31.354736328125,242.98524856567383,31.48531913757324,,,,,,58.06925296783447,353.00605297088623,89.68894481658936,,,,,,30.944156646728516,370.98039388656616,62.4384880065918,,,,,,3.8196325302124023,246.80488109588623,35.304951667785645,,,,,,52.82611846923828,297.3433017730713,84.12973880767822
ResNet34_NetVLAD_agg_0.00_sparsity_0.278_R1_0.927.ckpt,ResNet34_NetVLAD,0.278,,6213452800.0,31.354736328125,229.72668409347537,28.905272483825684,,,,,,54.944682121276855,370.9646105766296,83.32889080047607,,,,,,29.193592071533203,309.8084330558777,57.44231939315796,,,,,,3.5105228424072266,233.23720693588257,32.41579532623291,,,,,,51.24936103820801,281.73272609710693,79.78267669677734
ResNet34_NetVLAD_agg_0.00_sparsity_0.340_R1_0.924.ckpt,ResNet34_NetVLAD,0.34,,6213452800.0,31.354736328125,216.91241264343265,28.849756717681885,,,,,,52.286458015441895,336.10912561416626,87.14417219161987,,,,,,27.457261085510257,339.53322172164917,56.131815910339355,,,,,,3.2271862030029297,220.13959884643555,32.076942920684814,,,,,,47.039079666137695,265.5401945114136,75.35096406936646
ResNet34_NetVLAD_agg_0.00_sparsity_0.399_R1_0.920.ckpt,ResNet34_NetVLAD,0.399,,6213452800.0,31.354736328125,204.95517253875732,30.028796195983887,,,,,,48.24948310852051,337.71233558654785,77.68553495407104,,,,,,25.6943941116333,319.5152759552002,55.25014400482178,,,,,,3.21042537689209,208.1655979156494,33.23922157287598,,,,,,45.15056610107422,250.9366273880005,74.52311515808105
ResNet34_NetVLAD_agg_0.00_sparsity_0.456_R1_0.918.ckpt,ResNet34_NetVLAD,0.456,,6213452800.0,31.354736328125,193.36296319961548,27.646267414093018,,,,,,45.290160179138184,317.6517844200134,71.88528776168823,,,,,,24.093127250671387,293.5466766357422,51.244330406188965,,,,,,3.069138526916504,196.432101726532,30.71540594100952,,,,,,42.32969284057617,236.06828451156616,69.26496028900146
ResNet34_NetVLAD_agg_0.00_sparsity_0.509_R1_0.912.ckpt,ResNet34_NetVLAD,0.509,,6213452800.0,31.354736328125,183.1552505493164,26.064634323120117,,,,,,42.383527755737305,320.2549934387207,68.33809614181519,,,,,,22.335529327392575,310.82431077957153,48.02353382110596,,,,,,2.6011228561401367,185.75637340545657,28.665757179260257,,,,,,38.49177360534668,222.28538990020752,63.943564891815186
ResNet34_NetVLAD_agg_0.00_sparsity_0.559_R1_0.910.ckpt,ResNet34_NetVLAD,0.559,,6213452800.0,31.354736328125,173.39054346084595,24.42145347595215,,,,,,40.31374454498291,290.6996726989746,65.33007621765137,,,,,,21.29676342010498,291.7654514312744,45.954108238220215,,,,,,2.5748252868652344,175.96536874771118,26.996278762817383,,,,,,36.29601001739502,209.2728614807129,61.06209754943848
ResNet34_NetVLAD_agg_0.00_sparsity_0.607_R1_0.908.ckpt,ResNet34_NetVLAD,0.607,,6213452800.0,31.354736328125,163.83205652236938,27.576744556427,,,,,,38.56091499328613,279.0414333343506,62.51190900802612,,,,,,20.82662582397461,287.77379989624023,45.40194272994995,,,,,,2.503085136413574,166.33514165878296,30.079829692840576,,,,,,34.35399532318115,196.55486345291135,58.34740400314331
ResNet34_NetVLAD_agg_0.00_sparsity_0.652_R1_0.902.ckpt,ResNet34_NetVLAD,0.652,,6213452800.0,31.354736328125,154.17311191558838,23.962771892547607,,,,,,35.578036308288574,288.0124092102051,59.21173095703125,,,,,,19.00050640106201,272.9214906692505,42.41182804107666,,,,,,2.3842811584472656,156.55739307403564,26.347053050994873,,,,,,32.68694877624512,187.491774559021,55.69720268249512
ResNet34_NetVLAD_agg_0.00_sparsity_0.693_R1_0.896.ckpt,ResNet34_NetVLAD,0.693,,6213452800.0,31.354736328125,144.75789070129397,20.117521286010746,,,,,,33.527255058288574,304.48869466781616,53.96686792373657,,,,,,17.9351806640625,249.07459020614624,38.33895921707153,,,,,,1.9905090332031248,146.74839973449707,22.108030319213867,,,,,,30.55598735809326,175.75280666351318,50.75498819351196
ResNet34_NetVLAD_agg_0.00_sparsity_0.732_R1_0.893.ckpt,ResNet34_NetVLAD,0.732,,6213452800.0,31.354736328125,137.3108148574829,20.228195190429688,,,,,,31.72304630279541,257.91295766830444,51.57968997955322,,,,,,16.74175262451172,216.88287258148193,37.137579917907715,,,,,,2.034473419189453,139.34528827667236,22.26266860961914,,,,,,28.600430488586422,166.25417470932007,48.53883981704712
ResNet34_NetVLAD_agg_0.00_sparsity_0.768_R1_0.884.ckpt,ResNet34_NetVLAD,0.768,,6213452800.0,31.354736328125,130.38535118103027,17.76961088180542,,,,,,29.31604385375977,249.83972311019895,47.03621864318848,,,,,,15.4526948928833,264.64115381240845,33.65541696548462,,,,,,2.0108461380004883,132.39619731903076,19.780457019805908,,,,,,26.395773887634277,155.9564709663391,43.78931522369385
ResNet34_NetVLAD_agg_0.00_sparsity_0.782_R1_0.878.ckpt,ResNet34_NetVLAD,0.782,,6213452800.0,31.354736328125,127.32547521591188,17.96818971633911,,,,,,27.00662612915039,245.43746709823608,44.965660572052,,,,,,14.36612606048584,230.24379014968872,33.27341079711914,,,,,,1.701521873474121,129.026997089386,19.669711589813232,,,,,,24.54349994659424,151.75132751464844,42.002928256988525
ResNet34_NetVLAD_agg_0.25_sparsity_0.074_R1_0.931.ckpt,ResNet34_NetVLAD,0.074,,6213452800.0,31.354736328125,271.9946622848511,37.868285179138184,,,,,,64.12250995635986,385.48529148101807,102.00318098068236,,,,,,34.05508995056152,357.0727825164795,72.1071720123291,,,,,,3.958439826965333,275.9531021118164,41.82672500610352,,,,,,58.296847343444824,330.7504415512085,96.09203338623048
ResNet34_NetVLAD_agg_0.25_sparsity_0.145_R1_0.931.ckpt,ResNet34_NetVLAD,0.145,,6213452800.0,31.354736328125,257.3281407356262,30.745160579681396,,,,,,61.26110553741455,378.10245752334595,92.0488715171814,,,,,,32.37128257751465,345.5055832862854,62.72391080856323,,,,,,3.7783145904541016,261.1064553260803,34.5234751701355,,,,,,55.40444850921631,313.0165696144104,85.23881435394287
ResNet34_NetVLAD_agg_0.25_sparsity_0.213_R1_0.930.ckpt,ResNet34_NetVLAD,0.213,,6213452800.0,31.354736328125,245.03222703933716,31.902647018432617,,,,,,57.75027275085449,367.12340116500854,90.65372943878174,,,,,,30.61983585357666,340.59919118881226,61.57132387161255,,,,,,3.553318977355957,248.58554601669312,35.455965995788574,,,,,,52.39131450653076,297.7126359939575,83.90811681747437
ResNet34_NetVLAD_agg_0.25_sparsity_0.278_R1_0.922.ckpt,ResNet34_NetVLAD,0.278,,6213452800.0,31.354736328125,229.1383385658264,28.466296195983887,,,,,,54.492998123168945,344.22370195388794,82.36560821533203,,,,,,28.98991107940674,337.97900676727295,57.50463008880615,,,,,,3.5291433334350586,232.66748189926147,31.995439529418945,,,,,,49.588966369628906,279.93987798690796,77.6210069656372
ResNet34_NetVLAD_agg_0.25_sparsity_0.340_R1_0.922.ckpt,ResNet34_NetVLAD,0.34,,6213452800.0,31.354736328125,217.8133130073547,29.114246368408203,,,,,,51.50461196899414,354.4860601425171,80.0572395324707,,,,,,28.242921829223633,314.5359396934509,57.23944902420044,,,,,,3.729987144470215,221.54330015182495,32.84423351287842,,,,,,47.01807498931885,265.8063054084778,75.19484758377075
ResNet34_NetVLAD_agg_0.25_sparsity_0.399_R1_0.921.ckpt,ResNet34_NetVLAD,0.399,,6213452800.0,31.354736328125,204.40210103988647,30.11735677719116,,,,,,48.35543632507324,330.58650493621826,78.46484184265137,,,,,,25.606131553649902,308.6796045303345,55.577659606933594,,,,,,3.4052610397338867,207.80736207962036,33.52261781692505,,,,,,43.96934509277344,250.11649131774905,72.82813787460327
ResNet34_NetVLAD_agg_0.25_sparsity_0.456_R1_0.917.ckpt,ResNet34_NetVLAD,0.456,,6213452800.0,31.354736328125,194.1904067993164,26.88089609146118,,,,,,45.2911376953125,315.6177878379822,71.94594144821167,,,,,,23.936986923217773,284.4271421432495,51.40516757965088,,,,,,2.7637720108032227,196.95417881011963,29.644668102264404,,,,,,42.40372180938721,236.9229793548584,69.17461156845093
ResNet34_NetVLAD_agg_0.25_sparsity_0.509_R1_0.916.ckpt,ResNet34_NetVLAD,0.509,,6213452800.0,31.354736328125,182.07480907440183,26.68138742446899,,,,,,42.22543239593506,301.0099411010742,68.01520586013794,,,,,,22.957515716552734,299.7209668159485,48.53670597076416,,,,,,2.7361392974853516,184.8109483718872,29.417526721954346,,,,,,38.41257095336914,221.84380292892456,63.89596462249756
ResNet34_NetVLAD_agg_0.25_sparsity_0.559_R1_0.914.ckpt,ResNet34_NetVLAD,0.559,,6213452800.0,31.354736328125,172.88540601730347,24.189889430999756,,,,,,40.23408889770508,294.50172185897827,64.85800743103027,,,,,,21.13659381866455,285.97015142440796,45.8378791809082,,,,,,2.597475051879883,175.48288106918335,26.78736448287964,,,,,,36.475467681884766,209.66906547546387,61.11392974853515
ResNet34_NetVLAD_agg_0.25_sparsity_0.607_R1_0.909.ckpt,ResNet34_NetVLAD,0.607,,6213452800.0,31.354736328125,163.75198364257812,24.23102855682373,,,,,,37.91165351867676,289.9035453796387,62.71766424179077,,,,,,20.006990432739254,300.07418394088745,44.796013832092285,,,,,,2.3001909255981445,166.05217456817627,26.531219482421875,,,,,,34.61809158325195,198.01799058914185,58.66917371749878
ResNet34_NetVLAD_agg_0.25_sparsity_0.652_R1_0.903.ckpt,ResNet34_NetVLAD,0.652,,6213452800.0,31.354736328125,154.5314073562622,23.23900461196899,,,,,,36.00265979766846,298.77257347106934,59.65297222137451,,,,,,18.988394737243652,271.4613914489746,41.86360836029053,,,,,,2.2039175033569336,156.73532485961914,25.442922115325928,,,,,,32.64336585998535,186.87174320220947,55.57107925415039
ResNet34_NetVLAD_agg_0.25_sparsity_0.693_R1_0.896.ckpt,ResNet34_NetVLAD,0.693,,6213452800.0,31.354736328125,145.9484577178955,20.36347389221191,,,,,,34.72244739532471,257.14396238327026,56.5333366394043,,,,,,17.892146110534668,250.3502368927002,38.40348720550537,,,,,,2.173018455505371,148.12147617340088,22.536492347717285,,,,,,30.672740936279297,176.3244271278381,53.01308631896973
ResNet34_NetVLAD_agg_0.25_sparsity_0.732_R1_0.891.ckpt,ResNet34_NetVLAD,0.732,,6213452800.0,31.354736328125,137.58416175842285,20.09305953979492,,,,,,31.479597091674805,287.47575283050537,50.82677602767944,,,,,,16.67797565460205,226.84354782104492,36.93207502365112,,,,,,2.0434141159057617,139.6275758743286,22.136473655700684,,,,,,28.73561382293701,166.26628637313843,48.64481687545776
ResNet34_NetVLAD_agg_0.25_sparsity_0.768_R1_0.883.ckpt,ResNet34_NetVLAD,0.768,,6213452800.0,31.354736328125,129.79782819747925,18.085432052612305,,,,,,29.326438903808594,257.4156403541565,47.34450578689575,,,,,,15.535855293273926,239.47943449020383,33.18816423416138,,,,,,2.122330665588379,131.92015886306763,20.207762718200684,,,,,,26.502299308776855,156.7325234413147,43.98006200790405
ResNet34_NetVLAD_agg_0.25_sparsity_0.782_R1_0.882.ckpt,ResNet34_NetVLAD,0.782,,6213452800.0,31.354736328125,126.43171548843384,17.409956455230713,,,,,,27.027487754821777,247.022545337677,44.78687047958374,,,,,,14.32805061340332,203.13647985458377,32.238829135894775,,,,,,1.8435955047607424,128.27531099319458,19.253551959991455,,,,,,24.64230060577393,151.5248417854309,42.92612075805664
ResNet34_ConvAP_agg_0.00_sparsity_0.149_R1_0.924.ckpt,ResNet34_ConvAP,0.149,,7561830400.0,83.198486328125,307.30764865875244,37.24689483642578,,,,,,32.44011402130127,387.12059259414673,69.58327293395996,,,,,,16.44880771636963,321.5492248535156,51.60703659057617,,,,,,2.165555953979492,306.9578766822815,38.49670886993408,,,,,,28.62396240234375,335.9316110610962,65.87085723876953
ResNet34_ConvAP_agg_0.00_sparsity_0.219_R1_0.922.ckpt,ResNet34_ConvAP,0.219,,7561830400.0,83.198486328125,290.04154205322266,35.09812355041504,,,,,,29.6114444732666,384.71248149871826,64.80964422225952,,,,,,15.501022338867188,305.0689935684204,50.39403438568115,,,,,,2.2709131240844727,295.84734439849854,37.65925168991089,,,,,,27.080249786376953,317.1217918395996,62.17837333679199
ResNet34_ConvAP_agg_0.00_sparsity_0.285_R1_0.919.ckpt,ResNet34_ConvAP,0.285,,7561830400.0,83.198486328125,275.8782148361206,40.01047611236572,,,,,,27.879905700683594,367.3375129699707,60.90569496154785,,,,,,14.562416076660156,285.22738218307495,47.774696350097656,,,,,,1.978158950805664,272.11458683013916,35.98698377609253,,,,,,25.302743911743164,301.18095874786377,65.31322002410889
ResNet34_ConvAP_agg_0.00_sparsity_0.349_R1_0.915.ckpt,ResNet34_ConvAP,0.349,,7561830400.0,83.198486328125,253.9455413818359,35.73564291000366,,,,,,26.19500160217285,349.82112646102905,59.79361534118652,,,,,,14.139246940612791,267.78897047042847,47.94384241104126,,,,,,1.715373992919922,254.7582507133484,35.29113531112671,,,,,,23.812508583068848,277.7580499649048,59.54815149307251
ResNet34_ConvAP_agg_0.00_sparsity_0.410_R1_0.916.ckpt,ResNet34_ConvAP,0.41,,7561830400.0,83.198486328125,238.5030627250671,33.29983949661255,,,,,,24.32856559753418,330.62320947647095,57.79534578323364,,,,,,12.90278434753418,250.9234070777893,47.35666513442993,,,,,,2.864837646484375,240.79967737197876,36.58885955810547,,,,,,22.15125560760498,260.6543183326721,55.45109510421753
ResNet34_ConvAP_agg_0.00_sparsity_0.468_R1_0.911.ckpt,ResNet34_ConvAP,0.468,,7561830400.0,83.198486328125,226.176655292511,30.04775047302246,,,,,,22.52256870269775,319.5083260536194,52.60599851608277,,,,,,11.830759048461914,236.9252324104309,41.92579984664917,,,,,,1.4876842498779297,227.07045078277588,31.491339206695557,,,,,,20.523738861083984,246.70039415359497,50.571489334106445
ResNet34_ConvAP_agg_0.00_sparsity_0.521_R1_0.905.ckpt,ResNet34_ConvAP,0.521,,7561830400.0,83.198486328125,209.46584939956665,29.06569242477417,,,,,,20.76356410980225,328.45466136932373,49.88948106765747,,,,,,10.903191566467283,219.26599740982056,39.96306657791138,,,,,,1.4354467391967771,211.26419305801392,30.5627703666687,,,,,,19.00606155395508,228.47191095352173,48.07175397872925
ResNet34_ConvAP_agg_0.00_sparsity_0.572_R1_0.903.ckpt,ResNet34_ConvAP,0.572,,7561830400.0,83.198486328125,196.44135236740112,27.586019039154053,,,,,,18.877196311950684,302.70200967788696,46.25144004821777,,,,,,9.84938144683838,205.99663257598877,37.227797508239746,,,,,,1.780986785888672,198.90248775482175,29.14491891860962,,,,,,17.315077781677246,213.75643014907837,44.9010968208313
ResNet34_ConvAP_agg_0.00_sparsity_0.621_R1_0.899.ckpt,ResNet34_ConvAP,0.621,,7561830400.0,83.198486328125,183.43820571899417,26.268041133880615,,,,,,17.220616340637207,305.0750732421875,43.60709190368652,,,,,,9.017443656921388,193.2803988456726,35.55794954299927,,,,,,1.1636972427368164,185.3618860244751,27.800047397613525,,,,,,15.72866439819336,199.1668701171875,41.996705532073975
ResNet34_ConvAP_agg_0.00_sparsity_0.667_R1_0.889.ckpt,ResNet34_ConvAP,0.667,,7561830400.0,83.198486328125,173.87807369232178,25.027942657470703,,,,,,15.689539909362791,290.9166932106018,44.67763900756836,,,,,,8.0003023147583,186.41083240509033,33.21533203125,,,,,,1.1539697647094729,172.81451225280762,25.933003425598145,,,,,,14.132404327392578,188.01047801971436,39.16034698486328
ResNet34_ConvAP_agg_0.00_sparsity_0.709_R1_0.885.ckpt,ResNet34_ConvAP,0.709,,7561830400.0,83.198486328125,162.1069073677063,21.86417579650879,,,,,,13.658523559570312,262.5061869621277,35.5305552482605,,,,,,7.134461402893066,167.8155541419983,29.264938831329346,,,,,,1.0298490524291992,161.1481547355652,23.2968807220459,,,,,,12.394094467163086,174.50100183486938,34.258270263671875
ResNet34_ConvAP_agg_0.00_sparsity_0.749_R1_0.879.ckpt,ResNet34_ConvAP,0.749,,7561830400.0,83.198486328125,150.3775715827942,19.977331161499023,,,,,,11.92789077758789,255.32456636428833,32.976555824279785,,,,,,6.2122344970703125,157.05593824386597,26.89826488494873,,,,,,0.9051799774169922,151.24926567077637,21.469080448150635,,,,,,10.814642906188965,161.19221448898315,30.79197406768799
ResNet34_ConvAP_agg_0.00_sparsity_0.786_R1_0.880.ckpt,ResNet34_ConvAP,0.786,,7561830400.0,83.198486328125,140.68481922149658,18.488645553588867,,,,,,10.208940505981444,244.0857291221619,28.687095642089844,,,,,,5.604338645935059,146.55228853225708,24.357128143310547,,,,,,0.8030176162719727,141.52889251708984,19.02397871017456,,,,,,9.381556510925291,150.06637573242188,27.87020206451416
ResNet34_ConvAP_agg_0.00_sparsity_0.801_R1_0.874.ckpt,ResNet34_ConvAP,0.801,,7561830400.0,83.198486328125,136.80695295333862,18.41955184936523,,,,,,8.513545989990234,226.8708348274231,26.395606994628903,,,,,,4.774880409240723,142.08924770355225,23.80276918411255,,,,,,0.6064176559448242,137.6978635787964,19.22917366027832,,,,,,7.829928398132324,144.63688135147095,26.24948024749756
ResNet34_ConvAP_agg_0.25_sparsity_0.076_R1_0.924.ckpt,ResNet34_ConvAP,0.076,,7561830400.0,83.198486328125,324.91928339004517,43.720948696136475,,,,,,32.984137535095215,410.807752609253,78.2588005065918,,,,,,17.3750638961792,342.39574670791626,63.10290098190307,,,,,,2.1385908126831055,327.49418020248413,46.5057373046875,,,,,,29.98504638671875,354.9043297767639,73.70599508285522
ResNet34_ConvAP_agg_0.25_sparsity_0.149_R1_0.924.ckpt,ResNet34_ConvAP,0.149,,7561830400.0,83.198486328125,306.8755865097046,36.5784764289856,,,,,,31.464767456054684,400.9701728820801,69.35150623321533,,,,,,16.40143394470215,322.6304531097412,52.92253494262695,,,,,,1.902461051940918,307.1299195289612,38.53271007537842,,,,,,28.400683403015137,335.2762699127197,64.97915983200073
ResNet34_ConvAP_agg_0.25_sparsity_0.219_R1_0.920.ckpt,ResNet34_ConvAP,0.219,,7561830400.0,83.198486328125,287.9916787147522,35.18576622009277,,,,,,29.528379440307617,394.3101763725281,65.58530330657959,,,,,,15.722775459289553,304.7697424888611,51.029324531555176,,,,,,1.816248893737793,294.43581104278564,39.26512002944946,,,,,,26.94706916809082,314.938747882843,62.132835388183594
ResNet34_ConvAP_agg_0.25_sparsity_0.285_R1_0.919.ckpt,ResNet34_ConvAP,0.285,,7561830400.0,83.198486328125,271.9183564186096,35.26327610015869,,,,,,27.88822650909424,366.60856008529663,61.10498905181885,,,,,,14.777255058288574,285.8733534812927,47.560667991638184,,,,,,1.7091035842895508,273.0217933654785,35.44536828994751,,,,,,25.440120697021484,297.3584771156311,60.703396797180176
ResNet34_ConvAP_agg_0.25_sparsity_0.349_R1_0.917.ckpt,ResNet34_ConvAP,0.349,,7561830400.0,83.198486328125,254.9902439117432,33.528029918670654,,,,,,26.259279251098633,346.90208435058594,59.7131609916687,,,,,,13.714957237243652,268.596887588501,47.87348508834839,,,,,,1.582193374633789,256.877338886261,35.24850606918335,,,,,,23.720693588256836,278.7109375,57.24872350692749
ResNet34_ConvAP_agg_0.25_sparsity_0.410_R1_0.917.ckpt,ResNet34_ConvAP,0.41,,7561830400.0,83.198486328125,255.30275106430057,34.643471240997314,,,,,,24.40636157989502,339.51847553253174,58.247947692871094,,,,,,12.725281715393066,251.7627239227295,45.8531379699707,,,,,,1.6719341278076172,268.5500383377075,35.65913438796997,,,,,,22.311687469482425,277.61443853378296,56.955158710479736
ResNet34_ConvAP_agg_0.25_sparsity_0.468_R1_0.908.ckpt,ResNet34_ConvAP,0.468,,7561830400.0,83.198486328125,224.0881085395813,30.219316482543945,,,,,,22.80592918395996,328.23848724365234,53.76774072647095,,,,,,12.026023864746094,236.99883222579956,42.09914207458496,,,,,,1.4676332473754885,225.36367177963257,31.651556491851807,,,,,,20.51546573638916,244.6035742759705,50.734782218933105
ResNet34_ConvAP_agg_0.25_sparsity_0.521_R1_0.910.ckpt,ResNet34_ConvAP,0.521,,7561830400.0,83.198486328125,210.9137058258057,29.590344429016113,,,,,,20.79288959503174,318.4415102005005,50.53154230117798,,,,,,11.014008522033691,221.07630968093872,40.40888547897339,,,,,,1.408553123474121,211.33477687835693,30.56352138519287,,,,,,18.905091285705566,229.81879711151123,48.49543571472168
ResNet34_ConvAP_agg_0.25_sparsity_0.572_R1_0.907.ckpt,ResNet34_ConvAP,0.572,,7561830400.0,83.198486328125,198.00467491149905,27.720773220062256,,,,,,20.28412818908691,325.82887411117554,47.993004322052,,,,,,9.949564933776855,211.5437388420105,38.58625888824463,,,,,,1.394939422607422,198.2986330986023,29.268550872802734,,,,,,17.27159023284912,215.27626514434817,44.99236345291138
ResNet34_ConvAP_agg_0.25_sparsity_0.621_R1_0.900.ckpt,ResNet34_ConvAP,0.621,,7561830400.0,83.198486328125,186.27398014068604,26.258015632629395,,,,,,17.47291088104248,323.0859637260437,44.271063804626465,,,,,,9.319353103637695,192.65239238739017,35.80077886581421,,,,,,1.3245582580566406,184.8239541053772,28.07307243347168,,,,,,15.75658321380615,202.0305633544922,42.01459884643555
ResNet34_ConvAP_agg_0.25_sparsity_0.667_R1_0.893.ckpt,ResNet34_ConvAP,0.667,,7561830400.0,83.198486328125,172.5822687149048,25.10772943496704,,,,,,15.737628936767576,277.55157947540283,40.49848318099976,,,,,,8.02929401397705,180.37487268447876,32.64122009277344,,,,,,1.1449813842773438,174.32159185409546,26.36590003967285,,,,,,14.065933227539062,186.64820194244385,39.1736626625061
ResNet34_ConvAP_agg_0.25_sparsity_0.709_R1_0.879.ckpt,ResNet34_ConvAP,0.709,,7561830400.0,83.198486328125,160.66049337387085,22.314584255218502,,,,,,13.742756843566896,291.1929130554199,35.63740253448486,,,,,,7.100367546081543,168.91138553619385,28.98346185684204,,,,,,1.0140657424926758,162.01517581939697,22.915363311767575,,,,,,12.408447265625,173.06894063949585,34.723031520843506
ResNet34_ConvAP_agg_0.25_sparsity_0.749_R1_0.884.ckpt,ResNet34_ConvAP,0.749,,7561830400.0,83.198486328125,150.22541284561157,20.459115505218502,,,,,,12.09402084350586,237.6928448677063,32.89130926132202,,,,,,6.1972856521606445,156.463623046875,26.849591732025143,,,,,,0.9263277053833008,152.1101713180542,21.907424926757812,,,,,,10.970139503479004,161.19555234909058,31.42925500869751
ResNet34_ConvAP_agg_0.25_sparsity_0.786_R1_0.877.ckpt,ResNet34_ConvAP,0.786,,7561830400.0,83.198486328125,142.09007024765015,18.30270290374756,,,,,,10.325121879577637,224.90931749343872,28.7792444229126,,,,,,5.312299728393555,145.9087610244751,23.540258407592773,,,,,,0.7953166961669922,141.23493432998657,19.091784954071045,,,,,,9.400248527526855,151.490318775177,27.702951431274418
ResNet34_ConvAP_agg_0.25_sparsity_0.801_R1_0.871.ckpt,ResNet34_ConvAP,0.801,,7561830400.0,83.198486328125,136.75895929336548,18.518292903900143,,,,,,8.574509620666504,249.94789361953735,26.324892044067383,,,,,,4.377865791320801,141.80827140808103,22.6123571395874,,,,,,0.6343603134155273,137.30720281600952,18.596744537353516,,,,,,7.715868949890137,144.47482824325562,26.234161853790283
ResNet34_ConvAP_agg_0.50_sparsity_0.076_R1_0.924.ckpt,ResNet34_ConvAP,0.076,,7561830400.0,83.198486328125,324.51781034469604,45.295798778533936,,,,,,33.54489803314209,399.3530511856079,79.14665937423706,,,,,,17.372751235961914,342.93888807296753,63.61515522003174,,,,,,2.0110130310058594,327.32139825820923,45.446860790252686,,,,,,30.040979385375977,354.558789730072,75.33677816390991
ResNet34_ConvAP_agg_0.50_sparsity_0.149_R1_0.922.ckpt,ResNet34_ConvAP,0.149,,7561830400.0,83.198486328125,306.078577041626,36.80695295333862,,,,,,31.18281364440918,411.7296576499939,68.07265281677246,,,,,,16.45786762237549,321.91566228866577,53.75633239746094,,,,,,1.8581151962280271,308.1957459449768,38.34315538406372,,,,,,28.362584114074707,334.4411611557007,65.16953706741333
ResNet34_ConvAP_agg_0.50_sparsity_0.219_R1_0.918.ckpt,ResNet34_ConvAP,0.219,,7561830400.0,83.198486328125,289.2129898071289,35.9413743019104,,,,,,29.47227954864502,372.4330425262451,64.79297876358032,,,,,,15.50915241241455,304.5832633972168,51.20745897293091,,,,,,2.4566173553466797,290.88741540908813,37.55679130554199,,,,,,26.811933517456055,316.02492332458496,62.753307819366455
ResNet34_ConvAP_agg_0.50_sparsity_0.285_R1_0.919.ckpt,ResNet34_ConvAP,0.285,,7561830400.0,83.198486328125,269.7105050086975,33.03511142730713,,,,,,27.730393409729004,366.09084606170654,60.628294944763184,,,,,,14.610028266906738,285.86686849594116,48.18606376647949,,,,,,1.6607046127319336,271.14429473876953,35.51701307296753,,,,,,25.167155265808105,294.8776602745056,58.202266693115234
ResNet34_ConvAP_agg_0.50_sparsity_0.349_R1_0.916.ckpt,ResNet34_ConvAP,0.349,,7561830400.0,83.198486328125,255.42699098587036,33.20634365081787,,,,,,25.89139938354492,346.6226577758789,59.36331748962402,,,,,,13.890838623046877,268.4881567955017,47.91146516799927,,,,,,1.6968965530395508,256.0925006866455,35.30958890914917,,,,,,23.5872745513916,279.01426553726196,56.79361820220947
ResNet34_ConvAP_agg_0.50_sparsity_0.410_R1_0.916.ckpt,ResNet34_ConvAP,0.41,,7561830400.0,83.198486328125,239.44554328918457,33.39029550552368,,,,,,24.317526817321777,334.5989942550659,58.22856426239014,,,,,,12.824320793151855,252.12478637695312,47.56969213485718,,,,,,1.5093326568603516,241.26895666122437,35.88094711303711,,,,,,22.027063369750977,261.47260665893555,55.41735887527466
ResNet34_ConvAP_agg_0.50_sparsity_0.468_R1_0.911.ckpt,ResNet34_ConvAP,0.468,,7561830400.0,83.198486328125,225.594961643219,30.594420433044434,,,,,,22.41694927215576,319.1579580307007,52.89428234100342,,,,,,11.985278129577637,236.2082481384277,42.3702597618103,,,,,,1.3826370239257812,225.81555843353271,31.92002773284912,,,,,,20.400524139404297,245.9954857826233,50.99494457244873
ResNet34_ConvAP_agg_0.50_sparsity_0.521_R1_0.911.ckpt,ResNet34_ConvAP,0.521,,7561830400.0,83.198486328125,209.99407768249512,29.305624961853027,,,,,,20.790457725524902,310.10942459106445,50.28036832809448,,,,,,10.886454582214355,220.1056718826294,39.94516134262085,,,,,,1.3632774353027344,210.8954906463623,30.540287494659424,,,,,,18.790102005004883,228.7841796875,48.09572696685791
ResNet34_ConvAP_agg_0.50_sparsity_0.572_R1_0.906.ckpt,ResNet34_ConvAP,0.572,,7561830400.0,83.198486328125,197.00493812561035,27.424073219299316,,,,,,19.539785385131836,309.25629138946533,47.15085029602051,,,,,,9.869050979614258,206.3780307769775,37.314558029174805,,,,,,1.1516809463500977,198.00803661346436,28.57874631881714,,,,,,17.203974723815918,214.20891284942627,44.628047943115234
ResNet34_ConvAP_agg_0.50_sparsity_0.621_R1_0.899.ckpt,ResNet34_ConvAP,0.621,,7561830400.0,83.198486328125,183.8989615440369,26.287364959716797,,,,,,17.14503765106201,321.8132734298706,44.02177333831787,,,,,,8.950090408325195,192.6939487457275,35.22491455078125,,,,,,1.2649059295654297,186.55153512954712,27.872025966644287,,,,,,15.69998264312744,199.5989441871643,41.98734760284424
ResNet34_ConvAP_agg_0.50_sparsity_0.667_R1_0.890.ckpt,ResNet34_ConvAP,0.667,,7561830400.0,83.198486328125,172.50138521194458,24.74571466445923,,,,,,15.398573875427246,296.9794750213623,40.64230918884277,,,,,,8.033370971679688,180.14097213745117,32.79538154602051,,,,,,1.1191129684448242,173.87009859085083,25.782060623168945,,,,,,14.185237884521484,186.6866230964661,38.93095254898071
ResNet34_ConvAP_agg_0.50_sparsity_0.709_R1_0.878.ckpt,ResNet34_ConvAP,0.709,,7561830400.0,83.198486328125,160.5662703514099,22.060227394104004,,,,,,13.784074783325195,253.74585390090945,35.78999042510986,,,,,,7.137274742126465,168.73857975006104,29.114830493927,,,,,,1.0457038879394531,161.81191205978394,23.315083980560303,,,,,,12.65864372253418,173.2249140739441,34.718871116638184
ResNet34_ConvAP_agg_0.50_sparsity_0.749_R1_0.881.ckpt,ResNet34_ConvAP,0.749,,7561830400.0,83.198486328125,150.3446102142334,20.021629333496097,,,,,,12.59913444519043,264.60124254226685,32.81049728393555,,,,,,6.243658065795898,157.04872608184814,27.724182605743408,,,,,,0.7057428359985352,152.0871639251709,20.70169448852539,,,,,,10.801148414611816,161.1457586288452,30.82277774810791
ResNet34_ConvAP_agg_0.50_sparsity_0.786_R1_0.875.ckpt,ResNet34_ConvAP,0.786,,7561830400.0,83.198486328125,140.21437168121338,18.272697925567627,,,,,,10.53304672241211,238.5672688484192,29.03808355331421,,,,,,5.296874046325684,145.62362432479858,23.888468742370605,,,,,,0.7993698120117188,141.8870210647583,19.053590297698975,,,,,,9.25579071044922,149.4701623916626,27.52848863601685
ResNet34_ConvAP_agg_0.50_sparsity_0.801_R1_0.869.ckpt,ResNet34_ConvAP,0.801,,7561830400.0,83.198486328125,137.41885423660278,17.80496835708618,,,,,,8.487868309020996,212.17076778411865,26.291310787200928,,,,,,4.4040679931640625,141.63509607315063,22.262561321258545,,,,,,0.9675264358520508,137.78953552246094,19.106662273406982,,,,,,7.660603523254395,145.07945775985718,25.465571880340576
ResNet34_ConvAP_agg_0.75_sparsity_0.076_R1_0.924.ckpt,ResNet34_ConvAP,0.076,,7561830400.0,83.198486328125,324.0785002708435,43.777525424957275,,,,,,33.07809829711914,402.14821100234985,78.5047173500061,,,,,,17.284083366394043,342.3069953918457,61.63816452026367,,,,,,2.5412559509277344,327.88190841674805,47.9888916015625,,,,,,29.9069881439209,353.9854884147644,73.68451356887817
ResNet34_ConvAP_agg_0.75_sparsity_0.149_R1_0.921.ckpt,ResNet34_ConvAP,0.149,,7561830400.0,83.198486328125,306.47192001342773,36.92135810852051,,,,,,31.241512298583984,396.4931726455689,68.11038255691528,,,,,,16.335749626159668,322.5346565246582,53.559815883636475,,,,,,1.894974708557129,309.2152714729309,39.158713817596436,,,,,,28.14946174621582,334.62138175964355,65.07081985473633
ResNet34_ConvAP_agg_0.75_sparsity_0.219_R1_0.920.ckpt,ResNet34_ConvAP,0.219,,7561830400.0,83.198486328125,288.297963142395,34.88655090332031,,,,,,29.49986457824707,379.6680331230163,66.02511405944824,,,,,,15.658211708068848,304.4318914413452,51.297807693481445,,,,,,1.8412590026855469,291.22254848480225,37.07245588302612,,,,,,26.772689819335938,315.07065296173096,61.65924072265625
ResNet34_ConvAP_agg_0.75_sparsity_0.285_R1_0.918.ckpt,ResNet34_ConvAP,0.285,,7561830400.0,83.198486328125,270.65186500549316,33.46292972564697,,,,,,27.632617950439453,378.6688566207886,61.01260185241699,,,,,,14.548921585083008,285.39435863494873,47.57100343704224,,,,,,1.7605304718017578,273.0839014053345,34.884583950042725,,,,,,25.407743453979492,296.05960845947266,58.870673179626465
ResNet34_ConvAP_agg_0.75_sparsity_0.349_R1_0.917.ckpt,ResNet34_ConvAP,0.349,,7561830400.0,83.198486328125,254.4443130493164,33.24928283691406,,,,,,25.99461078643799,366.3043022155762,59.964752197265625,,,,,,13.599014282226562,267.9152488708496,48.07407855987549,,,,,,1.5751123428344729,256.60825967788696,34.96471643447876,,,,,,23.59471321105957,278.039026260376,56.84399604797363
ResNet34_ConvAP_agg_0.75_sparsity_0.410_R1_0.914.ckpt,ResNet34_ConvAP,0.41,,7561830400.0,83.198486328125,238.59788179397583,34.07520055770874,,,,,,24.31643009185791,340.83006381988525,58.68247747421265,,,,,,12.82501220703125,251.77963972091675,47.197723388671875,,,,,,1.7941951751708984,240.3631329536438,35.24700403213501,,,,,,22.162842750549316,260.76072454452515,56.23804330825806
ResNet34_ConvAP_agg_0.75_sparsity_0.468_R1_0.908.ckpt,ResNet34_ConvAP,0.468,,7561830400.0,83.198486328125,225.46323537826535,30.022740364074707,,,,,,22.63023853302002,313.7319803237915,53.25666666030884,,,,,,12.00997829437256,236.29010915756223,42.37574338912964,,,,,,1.4115333557128906,226.21705532073975,31.58174753189087,,,,,,20.406341552734375,245.86957693099976,50.42908191680908
ResNet34_ConvAP_agg_0.75_sparsity_0.521_R1_0.908.ckpt,ResNet34_ConvAP,0.521,,7561830400.0,83.198486328125,210.3900909423828,28.959596157073975,,,,,,20.755553245544434,331.8668723106384,49.70223903656006,,,,,,11.022615432739258,220.15881538391113,40.79412221908569,,,,,,1.4113187789916992,211.09721660614017,30.815982818603516,,,,,,18.9115047454834,229.3015956878662,47.87110090255737
ResNet34_ConvAP_agg_0.75_sparsity_0.572_R1_0.907.ckpt,ResNet34_ConvAP,0.572,,7561830400.0,83.198486328125,196.8607068061829,27.407538890838623,,,,,,18.8185453414917,326.80914402008057,47.11662530899048,,,,,,9.86166000366211,206.9530487060547,37.236714363098145,,,,,,1.4113903045654297,199.0132212638855,29.114842414855957,,,,,,17.23015308380127,214.09085988998413,44.63769197463989
ResNet34_ConvAP_agg_0.75_sparsity_0.621_R1_0.899.ckpt,ResNet34_ConvAP,0.621,,7561830400.0,83.198486328125,199.75709915161133,26.22208595275879,,,,,,17.22574234008789,284.17675495147705,44.480276107788086,,,,,,9.12165641784668,192.86869764328003,35.50140857696533,,,,,,1.4282464981079102,186.2688183784485,28.020918369293213,,,,,,15.804505348205565,215.5616044998169,42.026591300964355
ResNet34_ConvAP_agg_0.75_sparsity_0.667_R1_0.891.ckpt,ResNet34_ConvAP,0.667,,7561830400.0,83.198486328125,172.90302515029907,24.70703125,,,,,,15.409541130065918,284.12342071533203,40.66336154937744,,,,,,8.164763450622559,181.27790689468384,32.920992374420166,,,,,,1.231241226196289,174.14366006851196,26.3738751411438,,,,,,14.149713516235352,187.0527386665344,38.85674476623535
ResNet34_ConvAP_agg_0.75_sparsity_0.709_R1_0.886.ckpt,ResNet34_ConvAP,0.709,,7561830400.0,83.198486328125,160.18390655517578,22.209548950195312,,,,,,13.706040382385254,287.1301293373108,35.958755016326904,,,,,,7.139348983764648,167.7319884300232,30.146324634552,,,,,,1.0669231414794922,162.075936794281,22.996068000793457,,,,,,12.772130966186523,172.9560375213623,34.981679916381836
ResNet34_ConvAP_agg_0.75_sparsity_0.749_R1_0.879.ckpt,ResNet34_ConvAP,0.749,,7561830400.0,83.198486328125,150.0698208808899,20.5625057220459,,,,,,12.103056907653809,228.0797839164734,32.25669860839844,,,,,,6.256723403930664,156.25449419021606,26.15395784378052,,,,,,0.9701967239379884,151.4919877052307,21.55311107635498,,,,,,11.003398895263672,161.07321977615356,31.56590461730957
ResNet34_ConvAP_agg_0.75_sparsity_0.786_R1_0.879.ckpt,ResNet34_ConvAP,0.786,,7561830400.0,83.198486328125,140.4336452484131,18.35241317749023,,,,,,10.234951972961426,255.93174695968628,28.7628173828125,,,,,,5.291295051574707,145.83710432052612,23.622572422027588,,,,,,0.8292198181152344,141.34516716003418,19.41777467727661,,,,,,9.275674819946287,149.70932006835938,27.628087997436523
ResNet34_ConvAP_agg_0.75_sparsity_0.801_R1_0.869.ckpt,ResNet34_ConvAP,0.801,,7561830400.0,83.198486328125,136.67025566101074,17.79806613922119,,,,,,8.919715881347656,220.83083391189575,26.752829551696777,,,,,,4.450869560241699,140.87977409362793,22.688543796539307,,,,,,0.638270378112793,137.2570276260376,18.47701072692871,,,,,,8.011436462402344,144.6816921234131,25.809502601623535
ResNet34_NetVLAD_agg_0.50_sparsity_0.074_R1_0.931.ckpt,ResNet34_NetVLAD,0.074,,6213452800.0,31.354736328125,272.07435369491577,37.63207197189331,,,,,,,,,,,,,,33.97324085235596,348.25042486190796,73.27165603637695,,,,,,3.959345817565918,276.0336995124817,41.59141778945923,,,,,,,,
ResNet34_NetVLAD_agg_0.50_sparsity_0.145_R1_0.932.ckpt,ResNet34_NetVLAD,0.145,,6213452800.0,31.354736328125,257.75513648986816,30.646419525146484,,,,,,,,,,,,,,32.14700222015381,359.51820611953735,62.623560428619385,,,,,,3.77657413482666,261.5317106246948,34.422993659973145,,,,,,,,
ResNet34_NetVLAD_agg_0.50_sparsity_0.213_R1_0.929.ckpt,ResNet34_NetVLAD,0.213,,6213452800.0,31.354736328125,243.90225410461423,31.862080097198486,,,,,,,,,,,,,,30.92801570892334,324.0307569503784,62.56006956100464,,,,,,3.5458803176879883,247.44813442230225,35.407960414886475,,,,,,,,
ResNet34_NetVLAD_agg_0.50_sparsity_0.278_R1_0.921.ckpt,ResNet34_NetVLAD,0.278,,6213452800.0,31.354736328125,229.66227531433103,28.013920783996586,,,,,,,,,,,,,,29.135990142822266,329.80663776397705,57.41828680038452,,,,,,3.3960580825805664,233.0583333969116,31.40997886657715,,,,,,,,
ResNet34_NetVLAD_agg_0.50_sparsity_0.340_R1_0.922.ckpt,ResNet34_NetVLAD,0.34,,6213452800.0,31.354736328125,217.53414869308472,29.06707525253296,,,,,,,,,,,,,,27.271246910095215,324.3529677391052,56.02614879608154,,,,,,3.141450881958008,220.67559957504272,32.20852613449097,,,,,,,,
ResNet34_NetVLAD_agg_0.50_sparsity_0.399_R1_0.924.ckpt,ResNet34_NetVLAD,0.399,,6213452800.0,31.354736328125,205.6239008903503,29.306530952453613,,,,,,,,,,,,,,25.70202350616455,321.7179536819458,55.7237982749939,,,,,,2.9873132705688477,208.6112141609192,32.29384422302246,,,,,,,,
ResNet34_NetVLAD_agg_0.50_sparsity_0.456_R1_0.921.ckpt,ResNet34_NetVLAD,0.456,,6213452800.0,31.354736328125,194.68472003936768,26.743054389953613,,,,,,,,,,,,,,23.931479454040527,312.47884035110474,50.7127046585083,,,,,,2.7480363845825195,197.4327564239502,29.491090774536133,,,,,,,,
ResNet34_NetVLAD_agg_0.50_sparsity_0.509_R1_0.913.ckpt,ResNet34_NetVLAD,0.509,,6213452800.0,31.354736328125,182.71042108535767,25.83671808242798,,,,,,,,,,,,,,22.38011360168457,282.38322734832764,48.12369346618652,,,,,,2.525973320007324,185.236394405365,28.362691402435303,,,,,,,,
ResNet34_NetVLAD_agg_0.50_sparsity_0.559_R1_0.913.ckpt,ResNet34_NetVLAD,0.559,,6213452800.0,31.354736328125,173.39141368865967,24.56674575805664,,,,,,,,,,,,,,21.188879013061523,292.7482604980469,46.008169651031494,,,,,,2.432847023010254,175.82426071166992,26.999592781066895,,,,,,,,
ResNet34_NetVLAD_agg_0.50_sparsity_0.607_R1_0.906.ckpt,ResNet34_NetVLAD,0.607,,6213452800.0,31.354736328125,163.76450061798096,24.3216872215271,,,,,,,,,,,,,,19.936347007751465,293.0516481399536,44.33237314224243,,,,,,2.3006439208984375,166.0651445388794,26.622331142425537,,,,,,,,
ResNet34_NetVLAD_agg_0.50_sparsity_0.652_R1_0.901.ckpt,ResNet34_NetVLAD,0.652,,6213452800.0,31.354736328125,153.61758470535278,22.966372966766357,,,,,,,,,,,,,,19.01228427886963,264.74748849868774,41.87180995941162,,,,,,2.190828323364258,155.80841302871704,25.157201290130615,,,,,,,,
ResNet34_NetVLAD_agg_0.50_sparsity_0.693_R1_0.897.ckpt,ResNet34_NetVLAD,0.693,,6213452800.0,31.354736328125,145.78533172607422,20.31705379486084,,,,,,,,,,,,,,17.748284339904785,267.5783395767212,38.2693886756897,,,,,,2.3885488510131836,148.1738805770874,22.705602645874023,,,,,,,,
ResNet34_NetVLAD_agg_0.50_sparsity_0.732_R1_0.894.ckpt,ResNet34_NetVLAD,0.732,,6213452800.0,31.354736328125,138.42908143997192,20.67791223526001,,,,,,,,,,,,,,16.68548583984375,238.07750940322876,37.57517337799072,,,,,,2.2596120834350586,140.68869352340698,22.93752431869507,,,,,,,,
ResNet34_NetVLAD_agg_0.50_sparsity_0.768_R1_0.884.ckpt,ResNet34_NetVLAD,0.768,,6213452800.0,31.354736328125,130.04422187805176,17.67740249633789,,,,,,,,,,,,,,15.417027473449709,223.70750904083252,33.017730712890625,,,,,,1.8127679824829104,131.85698986053467,19.4901704788208,,,,,,,,
ResNet34_NetVLAD_agg_0.50_sparsity_0.782_R1_0.883.ckpt,ResNet34_NetVLAD,0.782,,6213452800.0,31.354736328125,126.8285632133484,18.68417263031006,,,,,,,,,,,,,,14.36164379119873,222.23074436187744,32.23412036895752,,,,,,1.9720315933227537,128.80059480667114,20.656204223632812,,,,,,,,
ResNet34_NetVLAD_agg_0.75_sparsity_0.074_R1_0.931.ckpt,ResNet34_NetVLAD,0.074,,6213452800.0,31.354736328125,271.43852710723877,38.03359270095825,,,,,,,,,,,,,,34.27700996398926,362.6298904418946,72.06418514251709,,,,,,4.001617431640625,275.4401445388794,42.03521013259888,,,,,,,,
ResNet34_NetVLAD_agg_0.75_sparsity_0.145_R1_0.931.ckpt,ResNet34_NetVLAD,0.145,,6213452800.0,31.354736328125,258.7093114852905,30.255377292633057,,,,,,,,,,,,,,32.384395599365234,340.40493965148926,62.203025817871094,,,,,,3.812789916992187,262.5221014022827,34.068167209625244,,,,,,,,
ResNet34_NetVLAD_agg_0.75_sparsity_0.213_R1_0.927.ckpt,ResNet34_NetVLAD,0.213,,6213452800.0,31.354736328125,244.0420389175415,31.566810607910153,,,,,,,,,,,,,,30.60741424560547,331.4112186431885,62.15847730636597,,,,,,3.5796403884887695,247.62167930603027,35.146450996398926,,,,,,,,
ResNet34_NetVLAD_agg_0.75_sparsity_0.278_R1_0.924.ckpt,ResNet34_NetVLAD,0.278,,6213452800.0,31.354736328125,232.34952688217163,28.51353883743286,,,,,,,,,,,,,,28.974342346191406,337.17154264450073,57.241225242614746,,,,,,3.3559322357177734,235.7054591178894,31.869471073150635,,,,,,,,
ResNet34_NetVLAD_agg_0.75_sparsity_0.340_R1_0.923.ckpt,ResNet34_NetVLAD,0.34,,6213452800.0,31.354736328125,217.39399433135983,28.40862274169922,,,,,,,,,,,,,,27.81364917755127,320.2746868133545,56.45167827606201,,,,,,3.3249378204345703,220.71893215179443,31.73356056213379,,,,,,,,
ResNet34_NetVLAD_agg_0.75_sparsity_0.399_R1_0.924.ckpt,ResNet34_NetVLAD,0.399,,6213452800.0,31.354736328125,205.80726861953735,29.853832721710205,,,,,,,,,,,,,,25.57857036590576,310.3454113006592,54.68423366546631,,,,,,2.9683828353881836,208.7756514549255,32.82221555709839,,,,,,,,
ResNet34_NetVLAD_agg_0.75_sparsity_0.456_R1_0.918.ckpt,ResNet34_NetVLAD,0.456,,6213452800.0,31.354736328125,194.2754864692688,27.434146404266357,,,,,,,,,,,,,,24.604034423828125,293.9346194267273,51.22082233428955,,,,,,2.9513120651245117,197.2267985343933,30.38545846939087,,,,,,,,
ResNet34_NetVLAD_agg_0.75_sparsity_0.509_R1_0.913.ckpt,ResNet34_NetVLAD,0.509,,6213452800.0,31.354736328125,183.45085382461548,25.45309066772461,,,,,,,,,,,,,,22.246980667114254,297.90364503860474,48.27578067779541,,,,,,2.5847911834716797,186.03564500808716,28.03788185119629,,,,,,,,
ResNet34_NetVLAD_agg_0.75_sparsity_0.559_R1_0.911.ckpt,ResNet34_NetVLAD,0.559,,6213452800.0,31.354736328125,173.89914989471436,24.238193035125732,,,,,,,,,,,,,,21.168875694274902,293.8533306121826,45.7256555557251,,,,,,2.4242401123046875,176.32339000701904,26.66243314743042,,,,,,,,
ResNet34_NetVLAD_agg_0.75_sparsity_0.607_R1_0.907.ckpt,ResNet34_NetVLAD,0.607,,6213452800.0,31.354736328125,162.96168565750122,23.85737895965576,,,,,,,,,,,,,,19.978976249694824,271.573805809021,44.75940465927124,,,,,,2.300405502319336,165.26209115982056,26.157784461975098,,,,,,,,
ResNet34_NetVLAD_agg_0.75_sparsity_0.652_R1_0.901.ckpt,ResNet34_NetVLAD,0.652,,6213452800.0,31.354736328125,153.56910228729248,23.03088903427124,,,,,,,,,,,,,,18.916034698486328,278.56088876724243,42.89277791976929,,,,,,2.16524600982666,155.73434829711914,25.1961350440979,,,,,,,,
ResNet34_NetVLAD_agg_0.75_sparsity_0.693_R1_0.897.ckpt,ResNet34_NetVLAD,0.693,,6213452800.0,31.354736328125,145.31491994857788,20.01025676727295,,,,,,,,,,,,,,17.989444732666016,254.79328632354736,38.80617618560791,,,,,,3.0667543411254883,148.38167428970337,23.07701110839844,,,,,,,,
ResNet34_NetVLAD_agg_0.75_sparsity_0.732_R1_0.891.ckpt,ResNet34_NetVLAD,0.732,,6213452800.0,31.354736328125,137.08842992782593,50.66485404968262,,,,,,,,,,,,,,16.722893714904785,280.7835102081299,37.35184669494629,,,,,,2.434706687927246,139.52313661575317,53.09956073760986,,,,,,,,
ResNet34_NetVLAD_agg_0.75_sparsity_0.768_R1_0.888.ckpt,ResNet34_NetVLAD,0.768,,6213452800.0,31.354736328125,129.94379997253418,17.52035617828369,,,,,,,,,,,,,,15.656185150146484,244.80174779891968,33.81032943725586,,,,,,2.557373046875,132.50117301940918,20.07772922515869,,,,,,,,
ResNet34_NetVLAD_agg_0.75_sparsity_0.782_R1_0.887.ckpt,ResNet34_NetVLAD,0.782,,6213452800.0,31.354736328125,126.80376768112184,17.77878999710083,,,,,,,,,,,,,,14.262676239013672,213.8449788093567,32.890784740448,,,,,,1.9688844680786133,128.77265214920044,19.747674465179443,,,,,,,,
